-- phpMyAdmin SQL Dump
-- version 4.4.4
-- http://www.phpmyadmin.net
--
-- Host: 127.0.0.1
-- Generation Time: Jun 03, 2015 at 11:45 AM
-- Server version: 5.6.21
-- PHP Version: 5.6.3

SET SQL_MODE = "NO_AUTO_VALUE_ON_ZERO";
SET time_zone = "+00:00";


/*!40101 SET @OLD_CHARACTER_SET_CLIENT=@@CHARACTER_SET_CLIENT */;
/*!40101 SET @OLD_CHARACTER_SET_RESULTS=@@CHARACTER_SET_RESULTS */;
/*!40101 SET @OLD_COLLATION_CONNECTION=@@COLLATION_CONNECTION */;
/*!40101 SET NAMES utf8 */;

--
-- Database: `simple_oms`
--

-- --------------------------------------------------------

--
-- Table structure for table `companies`
--

CREATE TABLE IF NOT EXISTS `companies` (
  `id` int(10) unsigned NOT NULL,
  `name` varchar(255) NOT NULL
) ENGINE=InnoDB AUTO_INCREMENT=3 DEFAULT CHARSET=latin1;

--
-- Dumping data for table `companies`
--

INSERT INTO `companies` (`id`, `name`) VALUES
(1, 'Fountainhead Technologies Inc.'),
(2, 'IBM Solutions Delivery Inc.');

-- --------------------------------------------------------

--
-- Table structure for table `customers`
--

CREATE TABLE IF NOT EXISTS `customers` (
  `id` int(10) unsigned NOT NULL,
  `first_name` varchar(255) COLLATE utf8_unicode_ci NOT NULL,
  `middle_name` varchar(255) COLLATE utf8_unicode_ci DEFAULT NULL,
  `last_name` varchar(255) COLLATE utf8_unicode_ci NOT NULL,
  `company_id` int(10) unsigned NOT NULL,
  `created_at` timestamp NOT NULL DEFAULT '0000-00-00 00:00:00',
  `updated_at` timestamp NOT NULL DEFAULT '0000-00-00 00:00:00'
) ENGINE=InnoDB AUTO_INCREMENT=10 DEFAULT CHARSET=utf8 COLLATE=utf8_unicode_ci;

--
-- Dumping data for table `customers`
--

INSERT INTO `customers` (`id`, `first_name`, `middle_name`, `last_name`, `company_id`, `created_at`, `updated_at`) VALUES
(1, 'El John', 'Mondala', 'Perez', 1, '0000-00-00 00:00:00', '0000-00-00 00:00:00'),
(2, 'Jessa', 'Naldoza', 'Acaso', 1, '2015-06-02 16:00:00', '2015-06-02 16:00:00'),
(7, 'Jennifer', 'Brooks', 'Lawrence', 1, '2015-06-03 06:11:55', '2015-06-03 06:11:55'),
(8, 'Scarlette', 'Williams', 'Johanson', 1, '2015-06-03 06:13:15', '2015-06-03 06:13:15'),
(9, 'Jem', 'Rodriguez', 'Milton', 1, '2015-06-03 06:14:22', '2015-06-03 06:14:22');

-- --------------------------------------------------------

--
-- Table structure for table `customer_credits`
--

CREATE TABLE IF NOT EXISTS `customer_credits` (
  `id` int(10) unsigned NOT NULL,
  `customer_id` int(10) unsigned NOT NULL,
  `credit_amount` decimal(9,2) unsigned NOT NULL,
  `credit_remaining` decimal(9,2) unsigned NOT NULL,
  `created_at` timestamp NOT NULL DEFAULT '0000-00-00 00:00:00',
  `updated_at` timestamp NOT NULL DEFAULT '0000-00-00 00:00:00'
) ENGINE=InnoDB AUTO_INCREMENT=5 DEFAULT CHARSET=utf8 COLLATE=utf8_unicode_ci;

--
-- Dumping data for table `customer_credits`
--

INSERT INTO `customer_credits` (`id`, `customer_id`, `credit_amount`, `credit_remaining`, `created_at`, `updated_at`) VALUES
(1, 7, '50000.00', '50000.00', '2015-06-03 06:11:55', '2015-06-03 06:11:55'),
(2, 1, '50000.00', '50000.00', '2015-06-03 06:11:55', '2015-06-03 06:11:55'),
(3, 2, '50000.00', '50000.00', '2015-06-03 06:11:55', '2015-06-03 06:11:55'),
(4, 8, '50000.00', '50000.00', '2015-06-03 06:13:15', '2015-06-03 06:13:15');

-- --------------------------------------------------------

--
-- Table structure for table `migrations`
--

CREATE TABLE IF NOT EXISTS `migrations` (
  `migration` varchar(255) COLLATE utf8_unicode_ci NOT NULL,
  `batch` int(11) NOT NULL
) ENGINE=InnoDB DEFAULT CHARSET=utf8 COLLATE=utf8_unicode_ci;

--
-- Dumping data for table `migrations`
--

INSERT INTO `migrations` (`migration`, `batch`) VALUES
('2014_10_12_000000_create_users_table', 1),
('2014_10_12_100000_create_password_resets_table', 1),
('2015_05_14_080454_add_role_to_users', 2),
('2015_05_14_080807_create_roles_table', 3),
('2015_05_18_060638_create_product_category_table', 4),
('2015_05_18_060827_create_products_table', 5),
('2015_05_19_054641_create_settings_table', 6),
('2015_05_19_074449_create_roles_table', 7),
('2015_05_20_062619_create_orders_table', 8),
('2015_05_20_063139_create_order__details_table', 9),
('2015_05_20_094106_rename_po_id_to_po_number', 10),
('2015_05_21_054847_rename_quantity_to_avaiable', 11),
('2015_05_22_053801_make_po_number_unique', 12),
('2015_05_25_033805_create_order__statuses_table', 13),
('2015_05_25_054831_add_color_column_to_order_status', 14),
('2015_05_25_090330_add_order_status_class_image', 15),
('2015_05_26_083445_html_color', 16),
('2015_05_28_140821_create_customers_table', 17),
('2015_05_28_143312_create_employees_table', 18),
('2015_05_28_144326_add_employee_id_to_user', 18),
('2015_05_28_144609_add_title_to_customer', 18),
('2015_05_28_150713_alter_product_category', 19),
('2015_05_28_150815_alter_products_table', 20),
('2015_05_28_151450_alter_order_details', 20),
('2015_05_28_151958_alter_orders_table', 20),
('2015_05_28_153254_alter_products_table_drop_code', 21),
('2015_05_28_154146_create_order__order__statuses_table', 22),
('2015_05_28_154511_alter_order_status_delete_css_icon', 22),
('2015_05_28_155110_alter_orders_table_drop_status_id', 23),
('2015_05_28_155358_alter_order_details_unit_price', 24),
('2015_05_28_160049_alter_product_category', 25),
('2015_05_28_160927_alter_products_table_drop_available', 26),
('2015_05_28_180114_alter_employees_table_reports_to', 27),
('2015_05_29_111035_alter_customer_table', 28),
('2015_05_29_113733_alter_orders_table', 29),
('2015_05_29_114121_create_shipping__methods_table', 29),
('2015_05_29_132402_alter_orders_table_no', 30),
('2015_05_29_152352_alter_products_table', 31),
('2015_05_29_162621_alter_categories', 32),
('2015_06_01_093209_create_customer__credits_table', 33);

-- --------------------------------------------------------

--
-- Table structure for table `orders`
--

CREATE TABLE IF NOT EXISTS `orders` (
  `id` int(10) unsigned NOT NULL,
  `customer_id` int(10) unsigned NOT NULL,
  `order_date` date NOT NULL,
  `created_at` timestamp NOT NULL DEFAULT '0000-00-00 00:00:00',
  `updated_at` timestamp NOT NULL DEFAULT '0000-00-00 00:00:00',
  `pickup_date` date DEFAULT NULL,
  `po_number` varchar(255) COLLATE utf8_unicode_ci NOT NULL,
  `updated_by` int(10) unsigned DEFAULT NULL
) ENGINE=InnoDB AUTO_INCREMENT=14 DEFAULT CHARSET=utf8 COLLATE=utf8_unicode_ci;

--
-- Dumping data for table `orders`
--

INSERT INTO `orders` (`id`, `customer_id`, `order_date`, `created_at`, `updated_at`, `pickup_date`, `po_number`, `updated_by`) VALUES
(1, 1, '2015-06-02', '2015-06-02 06:53:13', '2015-06-02 06:53:13', '2015-06-08', 'PO', 1),
(2, 1, '2015-06-10', '2015-06-02 06:55:47', '2015-06-03 01:35:25', '2015-06-16', 'POLOLOCCO', 1),
(3, 1, '2015-06-18', '2015-06-02 07:17:45', '2015-06-02 07:17:45', '2015-06-24', 'POKOPO', 0),
(4, 1, '2015-06-18', '2015-06-02 09:10:41', '2015-06-02 09:10:41', '2015-06-24', 'ASD', NULL),
(5, 1, '2015-06-04', '2015-06-02 09:22:21', '2015-06-03 06:27:36', '2015-06-11', 'YOWNESS', 8),
(6, 1, '2015-06-16', '2015-06-02 09:26:09', '2015-06-02 09:26:09', '2015-06-23', 'GAMEOFPOS', NULL),
(7, 1, '2015-06-10', '2015-06-03 02:04:03', '2015-06-03 02:04:03', '2015-06-17', 'YOBONESS', NULL),
(8, 8, '2015-06-03', '2015-06-03 06:29:49', '2015-06-03 07:09:37', '2015-06-10', 'PO12323', 8),
(9, 7, '2015-06-18', '2015-06-03 07:16:56', '2015-06-03 07:16:56', '2015-06-25', 'JLAWORDER', NULL),
(10, 7, '2015-06-24', '2015-06-03 07:17:15', '2015-06-03 07:17:15', '2015-07-01', 'PAORDEROWAITER', NULL),
(11, 7, '2015-07-04', '2015-06-03 07:17:49', '2015-06-03 07:17:49', '2015-07-11', 'PAORDERNIEDGAR', NULL),
(12, 1, '2015-06-25', '2015-06-03 07:27:06', '2015-06-03 09:03:42', '2015-07-02', 'ADMINPO', 1),
(13, 1, '2015-06-17', '2015-06-03 08:58:42', '2015-06-03 08:58:42', '2015-06-24', 'POKOTO', NULL);

-- --------------------------------------------------------

--
-- Stand-in structure for view `orders_vw`
--
CREATE TABLE IF NOT EXISTS `orders_vw` (
`id` int(10) unsigned
,`user_id` int(10) unsigned
,`po_number` varchar(255)
,`order_date` date
,`pickup_date` date
,`customer` text
,`total_amount` decimal(41,2)
,`status` varchar(255)
);

-- --------------------------------------------------------

--
-- Table structure for table `order_details`
--

CREATE TABLE IF NOT EXISTS `order_details` (
  `order_id` int(10) unsigned NOT NULL,
  `product_id` int(10) unsigned NOT NULL,
  `quantity` int(10) unsigned NOT NULL,
  `created_at` timestamp NOT NULL DEFAULT '0000-00-00 00:00:00',
  `updated_at` timestamp NOT NULL DEFAULT '0000-00-00 00:00:00',
  `unit_price` decimal(9,2) unsigned NOT NULL
) ENGINE=InnoDB DEFAULT CHARSET=utf8 COLLATE=utf8_unicode_ci;

--
-- Dumping data for table `order_details`
--

INSERT INTO `order_details` (`order_id`, `product_id`, `quantity`, `created_at`, `updated_at`, `unit_price`) VALUES
(1, 3, 50, '2015-06-02 06:53:13', '2015-06-02 06:53:13', '20.00'),
(2, 3, 25, '2015-06-03 01:35:34', '2015-06-03 01:35:34', '20.00'),
(3, 7, 10, '2015-06-02 07:17:45', '2015-06-02 07:17:45', '25.00'),
(4, 1, 50, '2015-06-02 09:10:41', '2015-06-02 09:10:41', '25.00'),
(4, 2, 100, '2015-06-02 09:10:41', '2015-06-02 09:10:41', '28.00'),
(4, 4, 100, '2015-06-02 09:10:42', '2015-06-02 09:10:42', '35.00'),
(5, 1, 100, '2015-06-03 06:27:36', '2015-06-03 06:27:36', '25.00'),
(5, 3, 50, '2015-06-03 06:27:36', '2015-06-03 06:27:36', '20.00'),
(6, 12, 2, '2015-06-02 09:26:09', '2015-06-02 09:26:09', '30.00'),
(7, 2, 20, '2015-06-03 02:04:03', '2015-06-03 02:04:03', '28.00'),
(7, 4, 50, '2015-06-03 02:04:03', '2015-06-03 02:04:03', '35.00'),
(8, 1, 1000, '2015-06-03 07:09:37', '2015-06-03 07:09:37', '25.00'),
(8, 2, 20, '2015-06-03 07:09:37', '2015-06-03 07:09:37', '28.00'),
(8, 3, 25, '2015-06-03 07:09:37', '2015-06-03 07:09:37', '20.00'),
(8, 5, 45, '2015-06-03 07:09:37', '2015-06-03 07:09:37', '32.00'),
(9, 2, 50000, '2015-06-03 07:16:56', '2015-06-03 07:16:56', '28.00'),
(10, 6, 20, '2015-06-03 07:17:16', '2015-06-03 07:17:16', '25.00'),
(10, 7, 65, '2015-06-03 07:17:16', '2015-06-03 07:17:16', '25.00'),
(10, 8, 22, '2015-06-03 07:17:16', '2015-06-03 07:17:16', '26.00'),
(11, 11, 20, '2015-06-03 07:17:49', '2015-06-03 07:17:49', '20.00'),
(11, 12, 30, '2015-06-03 07:17:49', '2015-06-03 07:17:49', '30.00'),
(11, 13, 40, '2015-06-03 07:17:49', '2015-06-03 07:17:49', '40.00'),
(12, 8, 500, '2015-06-03 09:43:10', '2015-06-03 09:43:10', '26.00'),
(13, 7, 500, '2015-06-03 08:58:42', '2015-06-03 08:58:42', '25.00');

-- --------------------------------------------------------

--
-- Stand-in structure for view `order_details_vw`
--
CREATE TABLE IF NOT EXISTS `order_details_vw` (
`order_id` int(10) unsigned
,`product` varchar(255)
,`category` varchar(255)
,`uom` varchar(255)
,`unit_price` decimal(9,2) unsigned
,`quantity` int(10) unsigned
,`price` decimal(19,2) unsigned
);

-- --------------------------------------------------------

--
-- Table structure for table `order_order_status`
--

CREATE TABLE IF NOT EXISTS `order_order_status` (
  `order_id` int(10) unsigned NOT NULL,
  `status_id` int(10) unsigned NOT NULL,
  `user_id` int(10) unsigned NOT NULL,
  `created_at` timestamp NOT NULL DEFAULT '0000-00-00 00:00:00',
  `updated_at` timestamp NOT NULL DEFAULT '0000-00-00 00:00:00'
) ENGINE=InnoDB DEFAULT CHARSET=utf8 COLLATE=utf8_unicode_ci;

--
-- Dumping data for table `order_order_status`
--

INSERT INTO `order_order_status` (`order_id`, `status_id`, `user_id`, `created_at`, `updated_at`) VALUES
(1, 1, 1, '2015-06-02 06:53:13', '2015-06-02 06:53:13'),
(1, 2, 1, '2015-06-02 15:39:41', '2015-06-01 16:00:00'),
(1, 3, 1, '2015-06-02 15:59:59', '0000-00-00 00:00:00'),
(2, 1, 1, '2015-06-02 06:55:47', '2015-06-02 06:55:47'),
(2, 3, 1, '2015-06-03 02:30:44', '2015-06-03 02:30:44'),
(3, 1, 1, '2015-06-02 07:17:45', '2015-06-02 07:17:45'),
(3, 2, 1, '2015-06-03 02:30:33', '2015-06-03 02:30:33'),
(4, 1, 1, '2015-06-02 09:10:42', '2015-06-02 09:10:42'),
(4, 2, 1, '2015-06-03 02:30:26', '2015-06-03 02:30:26'),
(5, 1, 1, '2015-06-02 09:22:21', '2015-06-02 09:22:21'),
(5, 4, 1, '2015-06-03 06:44:30', '2015-06-03 06:44:30'),
(6, 1, 1, '2015-06-02 09:26:09', '2015-06-02 09:26:09'),
(6, 3, 1, '2015-06-03 02:30:41', '2015-06-03 02:30:41'),
(7, 1, 1, '2015-06-03 02:04:03', '2015-06-03 02:04:03'),
(7, 3, 1, '2015-06-03 02:30:48', '2015-06-03 02:30:48'),
(8, 1, 8, '2015-06-03 06:29:49', '2015-06-03 06:29:49'),
(9, 1, 7, '2015-06-03 07:16:56', '2015-06-03 07:16:56'),
(10, 1, 7, '2015-06-03 07:17:16', '2015-06-03 07:17:16'),
(11, 1, 7, '2015-06-03 07:17:49', '2015-06-03 07:17:49'),
(12, 1, 1, '2015-06-03 07:27:07', '2015-06-03 07:27:07'),
(13, 1, 1, '2015-06-03 08:58:42', '2015-06-03 08:58:42');

-- --------------------------------------------------------

--
-- Table structure for table `order_status`
--

CREATE TABLE IF NOT EXISTS `order_status` (
  `id` int(10) unsigned NOT NULL,
  `name` varchar(255) COLLATE utf8_unicode_ci NOT NULL
) ENGINE=InnoDB AUTO_INCREMENT=5 DEFAULT CHARSET=utf8 COLLATE=utf8_unicode_ci;

--
-- Dumping data for table `order_status`
--

INSERT INTO `order_status` (`id`, `name`) VALUES
(1, 'Pending'),
(2, 'Approved'),
(3, 'Disapproved'),
(4, 'Cancelled');

-- --------------------------------------------------------

--
-- Table structure for table `password_resets`
--

CREATE TABLE IF NOT EXISTS `password_resets` (
  `email` varchar(255) COLLATE utf8_unicode_ci NOT NULL,
  `token` varchar(255) COLLATE utf8_unicode_ci NOT NULL,
  `created_at` timestamp NOT NULL DEFAULT '0000-00-00 00:00:00'
) ENGINE=InnoDB DEFAULT CHARSET=utf8 COLLATE=utf8_unicode_ci;

-- --------------------------------------------------------

--
-- Table structure for table `products`
--

CREATE TABLE IF NOT EXISTS `products` (
  `id` int(10) unsigned NOT NULL,
  `category_id` int(10) unsigned NOT NULL,
  `name` varchar(255) COLLATE utf8_unicode_ci NOT NULL,
  `unit_price` decimal(9,2) NOT NULL,
  `uom` varchar(255) COLLATE utf8_unicode_ci NOT NULL
) ENGINE=InnoDB AUTO_INCREMENT=14 DEFAULT CHARSET=utf8 COLLATE=utf8_unicode_ci;

--
-- Dumping data for table `products`
--

INSERT INTO `products` (`id`, `category_id`, `name`, `unit_price`, `uom`) VALUES
(1, 1, 'Regular Burger', '25.00', 'piece'),
(2, 1, 'Cheese Burger', '28.00', 'piece'),
(3, 1, 'Ham and Cheese Burger', '20.00', 'piece'),
(4, 1, 'Bart Burger', '35.00', 'piece'),
(5, 1, 'Ham and Egg Burger', '32.00', 'piece'),
(6, 2, 'Coke', '25.00', 'can'),
(7, 2, 'Sprite', '25.00', 'can'),
(8, 2, 'Royal', '26.00', 'can'),
(9, 2, 'Water', '15.00', 'bottle'),
(10, 3, 'Regular French Fries', '10.00', 'pack'),
(11, 3, 'Medium French Fries', '20.00', 'pack'),
(12, 3, 'Large French Fries', '30.00', 'pack'),
(13, 3, 'X-Large French Fries', '40.00', 'pack');

-- --------------------------------------------------------

--
-- Table structure for table `product_category`
--

CREATE TABLE IF NOT EXISTS `product_category` (
  `id` int(10) unsigned NOT NULL,
  `name` varchar(255) COLLATE utf8_unicode_ci NOT NULL
) ENGINE=InnoDB AUTO_INCREMENT=4 DEFAULT CHARSET=utf8 COLLATE=utf8_unicode_ci;

--
-- Dumping data for table `product_category`
--

INSERT INTO `product_category` (`id`, `name`) VALUES
(1, 'Hamburgers'),
(2, 'Drinks'),
(3, 'Side Dishes');

-- --------------------------------------------------------

--
-- Table structure for table `roles`
--

CREATE TABLE IF NOT EXISTS `roles` (
  `id` int(10) unsigned NOT NULL,
  `name` varchar(40) COLLATE utf8_unicode_ci NOT NULL,
  `description` varchar(255) COLLATE utf8_unicode_ci NOT NULL,
  `created_at` timestamp NOT NULL DEFAULT '0000-00-00 00:00:00',
  `updated_at` timestamp NOT NULL DEFAULT '0000-00-00 00:00:00'
) ENGINE=InnoDB AUTO_INCREMENT=4 DEFAULT CHARSET=utf8 COLLATE=utf8_unicode_ci;

--
-- Dumping data for table `roles`
--

INSERT INTO `roles` (`id`, `name`, `description`, `created_at`, `updated_at`) VALUES
(1, 'Administrator', 'Overall access', '2015-06-01 07:45:12', '2015-06-01 07:45:12'),
(2, 'Sales', 'Creates orders', '2015-06-01 07:45:12', '2015-06-01 07:45:12'),
(3, 'Approver', 'Approves or disapproves orders', '2015-06-01 07:45:12', '2015-06-01 07:45:12');

-- --------------------------------------------------------

--
-- Table structure for table `settings`
--

CREATE TABLE IF NOT EXISTS `settings` (
  `id` varchar(255) COLLATE utf8_unicode_ci NOT NULL,
  `value` varchar(255) COLLATE utf8_unicode_ci NOT NULL
) ENGINE=InnoDB DEFAULT CHARSET=utf8 COLLATE=utf8_unicode_ci;

--
-- Dumping data for table `settings`
--

INSERT INTO `settings` (`id`, `value`) VALUES
('DATE_FORMAT', 'yyyy-mm-dd'),
('DATE_FORMAT_MYSQL_YMD', '%Y-%m-%d'),
('DATE_FORMAT_PHP', 'Y-m-d'),
('DEFAULT_CREDIT', '50000'),
('MAX_QUANTITY', '500'),
('PESO_SYMBOL', '₱'),
('PICKUP_DAYS_COUNT', '7');

-- --------------------------------------------------------

--
-- Table structure for table `users`
--

CREATE TABLE IF NOT EXISTS `users` (
  `id` int(10) unsigned NOT NULL,
  `name` varchar(255) COLLATE utf8_unicode_ci NOT NULL,
  `email` varchar(255) COLLATE utf8_unicode_ci NOT NULL,
  `password` varchar(60) COLLATE utf8_unicode_ci NOT NULL,
  `remember_token` varchar(100) COLLATE utf8_unicode_ci DEFAULT NULL,
  `created_at` timestamp NOT NULL DEFAULT '0000-00-00 00:00:00',
  `updated_at` timestamp NOT NULL DEFAULT '0000-00-00 00:00:00',
  `role_id` tinyint(3) unsigned NOT NULL,
  `customer_id` int(10) unsigned NOT NULL
) ENGINE=InnoDB AUTO_INCREMENT=10 DEFAULT CHARSET=utf8 COLLATE=utf8_unicode_ci;

--
-- Dumping data for table `users`
--

INSERT INTO `users` (`id`, `name`, `email`, `password`, `remember_token`, `created_at`, `updated_at`, `role_id`, `customer_id`) VALUES
(1, 'Administrator', 'admin@admin.com', '$2y$10$jnKgGtdHBCk0yDCrrwIHRew9FEjksuOTYObbbJ0iB6d2jSr9ZeuTe', 'VwAqSfLdFkgzqpOgDgNPNj5CaUCJZeIBqrupPLD3jSNf0zZd5iHWBr1xdApD', '2015-06-01 07:43:42', '2015-06-03 07:21:21', 1, 1),
(2, 'Approver', 'approver@approver.com', '$2y$10$WX7jaVy1DyOJlBfCLXsKKesvz.AmCV3.jmI9mL3I9BwMBfkXgw17K', 'wx81LqcqsXrhXCPeSqp5dgXuiBXJ2PBiFD2s8yYJf0PLQ9UQsZfFLiGMJx8X', '2015-06-01 07:44:06', '2015-06-03 06:54:52', 3, 2),
(7, 'jennifer_law', 'jennifer@lawrence.com', '$2y$10$QFiydHgJQnFJINtM/dhCEuRLLfM50xf1KmfUFeMGKRRxNvpYOPz02', 'MvaN4LpTWN4ULrTlhFypczFZHdB9NyHcIt1Z1Tz0InKu7z2lxNsTwULPeU2r', '2015-06-03 06:11:55', '2015-06-03 07:17:52', 1, 7),
(8, 'scarlette', 'scar@lette.com', '$2y$10$EZuV4ipFaQ81u1ecGuRjWOiUARjtXZnJGouGoVJSYQI3AMTjdOdGK', '0Lkk5PYs7a36KyOskMlrVFEUhJjyUxAHSKuDT2ieBZYNH3GQue27vwfSub9I', '2015-06-03 06:13:15', '2015-06-03 07:15:13', 2, 8),
(9, 'jem', 'jem@milton.com', '$2y$10$4u79ZNnxuv8kfdg4Ls2QLuzRJ8W8ZkVecBFra8cHWUYK4dPmgK58q', '0ZYrtsJ6QbxEevLNLuEKFhFlw5C3jvWlUDwluIjXTsLiY3VaO9d9iJMNpCRM', '2015-06-03 06:14:22', '2015-06-03 07:20:01', 3, 9);

-- --------------------------------------------------------

--
-- Table structure for table `zipcodes`
--

CREATE TABLE IF NOT EXISTS `zipcodes` (
  `id` int(11) NOT NULL,
  `country` char(2) NOT NULL,
  `major_area` varchar(300) NOT NULL,
  `zip_code` varchar(25) NOT NULL,
  `city` varchar(300) NOT NULL
) ENGINE=MyISAM AUTO_INCREMENT=2271 DEFAULT CHARSET=latin1;

--
-- Dumping data for table `zipcodes`
--

INSERT INTO `zipcodes` (`id`, `country`, `major_area`, `zip_code`, `city`) VALUES
(1, 'PH', 'Abra', '2800', 'Bangued'),
(2, 'PH', 'Abra', '2801', 'Dolores'),
(3, 'PH', 'Abra', '2802', 'Lagangilang'),
(4, 'PH', 'Abra', '2803', 'Tayum'),
(5, 'PH', 'Abra', '2804', 'Peñarrubia'),
(6, 'PH', 'Abra', '2805', 'Bucay'),
(7, 'PH', 'Abra', '2806', 'Pidigan'),
(8, 'PH', 'Abra', '2807', 'Langiden'),
(9, 'PH', 'Abra', '2808', 'San Quintin'),
(10, 'PH', 'Abra', '2809', 'San Isidro'),
(11, 'PH', 'Abra', '2810', 'Manabo'),
(12, 'PH', 'Abra', '2811', 'Villaviciosa'),
(13, 'PH', 'Abra', '2812', 'Pilar'),
(14, 'PH', 'Abra', '2813', 'Luba'),
(15, 'PH', 'Abra', '2814', 'Tubo'),
(16, 'PH', 'Abra', '2815', 'Boliney'),
(17, 'PH', 'Abra', '2816', 'Daguioman'),
(18, 'PH', 'Abra', '2817', 'Bucloc'),
(19, 'PH', 'Abra', '2818', 'Sallapadan'),
(20, 'PH', 'Abra', '2819', 'Licuan (Baay)'),
(21, 'PH', 'Abra', '2820', 'Malibcong'),
(22, 'PH', 'Abra', '2821', 'Lacub'),
(23, 'PH', 'Abra', '2822', 'Tineg'),
(24, 'PH', 'Abra', '2823', 'San Juan'),
(25, 'PH', 'Abra', '2824', 'Lagayan'),
(26, 'PH', 'Abra', '2825', 'Danglas'),
(27, 'PH', 'Abra', '2826', 'La Paz'),
(28, 'PH', 'Agusan del Norte', '8600', 'Butuan City'),
(29, 'PH', 'Agusan del Norte', '8601', 'Buenavista'),
(30, 'PH', 'Agusan del Norte', '8602', 'Nasipit'),
(31, 'PH', 'Agusan del Norte', '8603', 'Carmen'),
(32, 'PH', 'Agusan del Norte', '8605', 'Cabadbaran City'),
(33, 'PH', 'Agusan del Norte', '8604', 'Magallanes'),
(34, 'PH', 'Agusan del Norte', '8606', 'Tubay'),
(35, 'PH', 'Agusan del Norte', '8607', 'Jabonga'),
(36, 'PH', 'Agusan del Norte', '8608', 'Santiago'),
(37, 'PH', 'Agusan del Norte', '8609', 'Kitcharao'),
(38, 'PH', 'Agusan del Norte', '8610', 'Las Nieves'),
(39, 'PH', 'Agusan del Norte', '8611', 'Remedios T. Romualdez'),
(40, 'PH', 'Agusan del Sur', '8500', 'Prosperidad'),
(41, 'PH', 'Agusan del Sur', '8501', 'San Francisco'),
(42, 'PH', 'Agusan del Sur', '8502', 'Bayugan'),
(43, 'PH', 'Agusan del Sur', '8503', 'Sibagat'),
(44, 'PH', 'Agusan del Sur', '8504', 'Rosario'),
(45, 'PH', 'Agusan del Sur', '8505', 'Trento'),
(46, 'PH', 'Agusan del Sur', '8506', 'Bunawan'),
(47, 'PH', 'Agusan del Sur', '8507', 'Loreto'),
(48, 'PH', 'Agusan del Sur', '8508', 'La Paz'),
(49, 'PH', 'Agusan del Sur', '8509', 'Veruela'),
(50, 'PH', 'Agusan del Sur', '8510', 'Talacogon'),
(51, 'PH', 'Agusan del Sur', '8511', 'San Luis'),
(52, 'PH', 'Agusan del Sur', '8512', 'Santa Josefa'),
(53, 'PH', 'Agusan del Sur', '8513', 'Esperanza'),
(54, 'PH', 'Aklan', '5616', 'Altavas'),
(55, 'PH', 'Aklan', '5614', 'Balete'),
(56, 'PH', 'Aklan', '5601', 'Banga'),
(57, 'PH', 'Aklan', '5615', 'Batan'),
(58, 'PH', 'Aklan', '5609', 'Buruanga'),
(59, 'PH', 'Aklan', '5613', 'Ibajay'),
(60, 'PH', 'Aklan', '5600', 'Kalibo'),
(61, 'PH', 'Aklan', '5605', 'Lezo'),
(62, 'PH', 'Aklan', '5602', 'Libacao'),
(63, 'PH', 'Aklan', '5603', 'Madalag'),
(64, 'PH', 'Aklan', '5611', 'Makato'),
(65, 'PH', 'Aklan', '5608', 'Malay'),
(66, 'PH', 'Aklan', '5606', 'Malinao'),
(67, 'PH', 'Aklan', '5607', 'Nabas'),
(68, 'PH', 'Aklan', '5610', 'New Washington'),
(69, 'PH', 'Aklan', '5604', 'Numancia'),
(70, 'PH', 'Aklan', '5612', 'Tangalan'),
(71, 'PH', 'Albay', '4509', 'Bacacay'),
(72, 'PH', 'Albay', '4502', 'Camalig'),
(73, 'PH', 'Albay', '4501', 'Daraga (Locsin)'),
(74, 'PH', 'Albay', '4503', 'Guinobatan'),
(75, 'PH', 'Albay', '4515', 'Jovellar'),
(76, 'PH', 'Albay', '4500', 'Legazpi City'),
(77, 'PH', 'Albay', '4507', 'Libon'),
(78, 'PH', 'Albay', '4504', 'Ligao City'),
(79, 'PH', 'Albay', '4510', 'Malilipot'),
(80, 'PH', 'Albay', '4512', 'Malinao'),
(81, 'PH', 'Albay', '4514', 'Manito'),
(82, 'PH', 'Albay', '4505', 'Oas'),
(83, 'PH', 'Albay', '4516', 'Pio Duran (Malacbalac)'),
(84, 'PH', 'Albay', '4506', 'Polangui'),
(85, 'PH', 'Albay', '4517', 'Rapu-Rapu'),
(86, 'PH', 'Albay', '4508', 'Santo Domingo'),
(87, 'PH', 'Albay', '4511', 'Tabaco City'),
(88, 'PH', 'Albay', '4513', 'Tiwi'),
(89, 'PH', 'Antique', '5717', 'Anini-y'),
(90, 'PH', 'Antique', '5706', 'Barbaza'),
(91, 'PH', 'Antique', '5701', 'Belison'),
(92, 'PH', 'Antique', '5704', 'Bugasong'),
(93, 'PH', 'Antique', '5711', 'Caluya'),
(94, 'PH', 'Antique', '5708', 'Culasi'),
(95, 'PH', 'Antique', '5715', 'Hamtic'),
(96, 'PH', 'Antique', '5705', 'Laua-an'),
(97, 'PH', 'Antique', '5710', 'Libertad'),
(98, 'PH', 'Antique', '5712', 'Pandan'),
(99, 'PH', 'Antique', '5702', 'Patnongon'),
(100, 'PH', 'Antique', '5700', 'San Jose'),
(101, 'PH', 'Antique', '5714', 'San Remigio'),
(102, 'PH', 'Antique', '5709', 'Sebaste'),
(103, 'PH', 'Antique', '5713', 'Sibalom'),
(104, 'PH', 'Antique', '5707', 'Tibiao'),
(105, 'PH', 'Antique', '5716', 'Tobias Fornier (Dao)'),
(106, 'PH', 'Antique', '5703', 'Valderrama'),
(107, 'PH', 'Apayao', '3814', 'Calanasan (Bayag)'),
(108, 'PH', 'Apayao', '3807', 'Conner'),
(109, 'PH', 'Apayao', '3810', 'Flora'),
(110, 'PH', 'Apayao', '3809', 'Kabugao'),
(111, 'PH', 'Apayao', '3813', 'Luna'),
(112, 'PH', 'Apayao', '3812', 'Pudtol'),
(113, 'PH', 'Apayao', '3811', 'Santa Marcela'),
(114, 'PH', 'Aurora', '3200', 'Baler'),
(115, 'PH', 'Aurora', '3204', 'Casiguran'),
(116, 'PH', 'Aurora', '3205', 'Dilasag'),
(117, 'PH', 'Aurora', '3206', 'Dinalungan'),
(118, 'PH', 'Aurora', '3207', 'Dingalan'),
(119, 'PH', 'Aurora', '3203', 'Dipaculao'),
(120, 'PH', 'Aurora', '3202', 'Maria Aurora'),
(121, 'PH', 'Aurora', '3201', 'San Luis'),
(122, 'PH', 'Basilan', '7300', 'Isabela City'),
(123, 'PH', 'Basilan', '7301', 'Lantawan'),
(124, 'PH', 'Basilan', '7302', 'Lamitan City'),
(125, 'PH', 'Basilan', '7303', 'Maluso'),
(126, 'PH', 'Basilan', '7304', 'Tipo-Tipo'),
(127, 'PH', 'Basilan', '7305', 'Sumisip'),
(128, 'PH', 'Basilan', '7306', 'Tuburan'),
(129, 'PH', 'Basilan', '7308', 'Froilie'),
(130, 'PH', 'Bataan', '2114', 'Abucay'),
(131, 'PH', 'Bataan', '2107', 'Bagac'),
(132, 'PH', 'Bataan', '2100', 'Balanga City'),
(133, 'PH', 'Bataan', '2106', 'Mariveles (Bataan Export Processing Zone)'),
(134, 'PH', 'Bataan', '2110', 'Dinalupihan'),
(135, 'PH', 'Bataan', '2111', 'Hermosa'),
(136, 'PH', 'Bataan', '2104', 'Lamao'),
(137, 'PH', 'Bataan', '2103', 'Limay'),
(138, 'PH', 'Bataan', '2105', 'Mariveles'),
(139, 'PH', 'Bataan', '2108', 'Morong'),
(140, 'PH', 'Bataan', '2112', 'Orani'),
(141, 'PH', 'Bataan', '2102', 'Orion'),
(142, 'PH', 'Bataan', '2101', 'Pilar'),
(143, 'PH', 'Bataan', '2109', 'Morong (Refugee Processing Center)'),
(144, 'PH', 'Bataan', '2113', 'Samal'),
(145, 'PH', 'Batanes', '3900', 'Basco'),
(146, 'PH', 'Batanes', '3905', 'Itbayat'),
(147, 'PH', 'Batanes', '3902', 'Ivana'),
(148, 'PH', 'Batanes', '3901', 'Mahatao'),
(149, 'PH', 'Batanes', '3904', 'Sabtang'),
(150, 'PH', 'Batanes', '3903', 'Uyugan'),
(151, 'PH', 'Batangas', '4211', 'Agoncillo'),
(152, 'PH', 'Batangas', '4205', 'Alitagtag'),
(153, 'PH', 'Batangas', '4213', 'Balayan'),
(154, 'PH', 'Batangas', '4219', 'Balete'),
(155, 'PH', 'Batangas', '4200', 'Batangas City'),
(156, 'PH', 'Batangas', '4201', 'Bauan'),
(157, 'PH', 'Batangas', '4212', 'Calaca'),
(158, 'PH', 'Batangas', '4215', 'Calatagan, incl. Punta Baluarte'),
(159, 'PH', 'Batangas', '4222', 'Cuenca'),
(160, 'PH', 'Batangas', '4218', 'Fernando Airbase'),
(161, 'PH', 'Batangas', '4230', 'Ibaan'),
(162, 'PH', 'Batangas', '4221', 'Laurel, incl. Diokno Highway'),
(163, 'PH', 'Batangas', '4209', 'Lemery'),
(164, 'PH', 'Batangas', '4216', 'Lian, incl. Matabungkay'),
(165, 'PH', 'Batangas', '4217', 'Lipa City'),
(166, 'PH', 'Batangas', '4229', 'Lobo, incl. Laiya'),
(167, 'PH', 'Batangas', '4202', 'Mabini'),
(168, 'PH', 'Batangas', '4233', 'Malvar'),
(169, 'PH', 'Batangas', '4223', 'Mataas na Kahoy'),
(170, 'PH', 'Batangas', '4231', 'Nasugbu, incl. Punta Fuego and Calaruega'),
(171, 'PH', 'Batangas', '4224', 'Padre Garcia'),
(172, 'PH', 'Batangas', '4225', 'Rosario'),
(173, 'PH', 'Batangas', '4227', 'San Jose'),
(174, 'PH', 'Batangas', '4226', 'San Juan'),
(175, 'PH', 'Batangas', '4210', 'San Luis'),
(176, 'PH', 'Batangas', '4207', 'San Nicolas'),
(177, 'PH', 'Batangas', '4204', 'San Pascual'),
(178, 'PH', 'Batangas', '4206', 'Santa Teresita'),
(179, 'PH', 'Batangas', '4234', 'Santo Tomas'),
(180, 'PH', 'Batangas', '4208', 'Taal'),
(181, 'PH', 'Batangas', '4220', 'Talisay'),
(182, 'PH', 'Batangas', '4232', 'Tanauan City'),
(183, 'PH', 'Batangas', '4228', 'Taysan'),
(184, 'PH', 'Batangas', '4203', 'Tingloy'),
(185, 'PH', 'Batangas', '4214', 'Tuy'),
(186, 'PH', 'Benguet', '2612', 'Atok'),
(187, 'PH', 'Benguet', '2600', 'Baguio City'),
(188, 'PH', 'Benguet', '2610', 'Bakun'),
(189, 'PH', 'Benguet', '2605', 'Bokod'),
(190, 'PH', 'Benguet', '2607', 'Buguias'),
(191, 'PH', 'Benguet', '2604', 'Itogon'),
(192, 'PH', 'Benguet', '2606', 'Kabayan'),
(193, 'PH', 'Benguet', '2613', 'Kapangan'),
(194, 'PH', 'Benguet', '2611', 'Kibungan'),
(195, 'PH', 'Benguet', '2601', 'La Trinidad, including Pico'),
(196, 'PH', 'Benguet', '2609', 'Lepanto, Mankayan'),
(197, 'PH', 'Benguet', '2608', 'Mankayan'),
(198, 'PH', 'Benguet', '2602', 'Philippine Military Academy'),
(199, 'PH', 'Benguet', '2614', 'Sablan'),
(200, 'PH', 'Benguet', '2603', 'Tuba, including Marcos Highway and Kennon Road'),
(201, 'PH', 'Benguet', '2615', 'Tublay'),
(202, 'PH', 'Biliran', '6544', 'Almeria'),
(203, 'PH', 'Biliran', '6549', 'Biliran'),
(204, 'PH', 'Biliran', '6550', 'Cabucgayan'),
(205, 'PH', 'Biliran', '6548', 'Caibiran'),
(206, 'PH', 'Biliran', '6547', 'Culaba'),
(207, 'PH', 'Biliran', '6545', 'Kawayan'),
(208, 'PH', 'Biliran', '6546', 'Maripipi'),
(209, 'PH', 'Biliran', '6543', 'Naval'),
(210, 'PH', 'Bohol', '6302', 'Alburquerque'),
(211, 'PH', 'Bohol', '6314', 'Alicia'),
(212, 'PH', 'Bohol', '6311', 'Anda'),
(213, 'PH', 'Bohol', '6335', 'Antequera'),
(214, 'PH', 'Bohol', '6301', 'Baclayon'),
(215, 'PH', 'Bohol', '6342', 'Balilihan'),
(216, 'PH', 'Bohol', '6318', 'Batuan'),
(217, 'PH', 'Bohol', '6326', 'Bien Unido'),
(218, 'PH', 'Bohol', '6317', 'Bilar'),
(219, 'PH', 'Bohol', '6333', 'Buenavista'),
(220, 'PH', 'Bohol', '6328', 'Calape'),
(221, 'PH', 'Bohol', '6312', 'Candijay'),
(222, 'PH', 'Bohol', '6346', 'Pres. Carlos P. Garcia (Pitogo)'),
(223, 'PH', 'Bohol', '6319', 'Carmen'),
(224, 'PH', 'Bohol', '6343', 'Catigbian'),
(225, 'PH', 'Bohol', '6330', 'Clarin'),
(226, 'PH', 'Bohol', '6337', 'Corella'),
(227, 'PH', 'Bohol', '6341', 'Cortes'),
(228, 'PH', 'Bohol', '6322', 'Dagohoy'),
(229, 'PH', 'Bohol', '6344', 'Danao'),
(230, 'PH', 'Bohol', '6339', 'Dauis'),
(231, 'PH', 'Bohol', '6305', 'Dimiao'),
(232, 'PH', 'Bohol', '6309', 'Duero'),
(233, 'PH', 'Bohol', '6307', 'Garcia Hernandez'),
(234, 'PH', 'Bohol', '6310', 'Guindulman'),
(235, 'PH', 'Bohol', '6332', 'Inabanga'),
(236, 'PH', 'Bohol', '6308', 'Jagna'),
(237, 'PH', 'Bohol', '6334', 'Jetafe'),
(238, 'PH', 'Bohol', '6304', 'Lila'),
(239, 'PH', 'Bohol', '6202', 'Loay'),
(240, 'PH', 'Bohol', '6316', 'Loboc'),
(241, 'PH', 'Bohol', '6327', 'Loon'),
(242, 'PH', 'Bohol', '6313', 'Mabini'),
(243, 'PH', 'Bohol', '6336', 'Maribojoc'),
(244, 'PH', 'Bohol', '6340', 'Panglao'),
(245, 'PH', 'Bohol', '6321', 'Pilar'),
(246, 'PH', 'Bohol', '6331', 'Sagbayan'),
(247, 'PH', 'Bohol', '6345', 'San Isidro'),
(248, 'PH', 'Bohol', '6323', 'San Miguel'),
(249, 'PH', 'Bohol', '6347', 'Sevilla'),
(250, 'PH', 'Bohol', '6320', 'Sierra Bullones'),
(251, 'PH', 'Bohol', '6338', 'Sikatuna'),
(252, 'PH', 'Bohol', '6300', 'Tagbilaran City'),
(253, 'PH', 'Bohol', '6325', 'Talibon'),
(254, 'PH', 'Bohol', '6324', 'Trinidad'),
(255, 'PH', 'Bohol', '6329', 'Tubigon'),
(256, 'PH', 'Bohol', '6315', 'Ubay'),
(257, 'PH', 'Bohol', '6306', 'Valencia'),
(258, 'PH', 'Bukidnon', '8707', 'Baungon'),
(259, 'PH', 'Bukidnon', '8723', 'Cabanglasan'),
(260, 'PH', 'Bukidnon', '8721', 'Damulog'),
(261, 'PH', 'Bukidnon', '8719', 'Dangcagan'),
(262, 'PH', 'Bukidnon', '8712', 'Don Carlos'),
(263, 'PH', 'Bukidnon', '8702', 'Impasugong'),
(264, 'PH', 'Bukidnon', '8713', 'Kadingilan'),
(265, 'PH', 'Bukidnon', '8718', 'Kalilangan'),
(266, 'PH', 'Bukidnon', '8720', 'Kibawe'),
(267, 'PH', 'Bukidnon', '8716', 'Kitaotao'),
(268, 'PH', 'Bukidnon', '8722', 'Lantapan'),
(269, 'PH', 'Bukidnon', '8706', 'Libona'),
(270, 'PH', 'Bukidnon', '8700', 'Malaybalay City'),
(271, 'PH', 'Bukidnon', '8704', 'Malitbog'),
(272, 'PH', 'Bukidnon', '8703', 'Manolo Fortich'),
(273, 'PH', 'Bukidnon', '8714', 'Maramag'),
(274, 'PH', 'Bukidnon', '8710', 'Musuan'),
(275, 'PH', 'Bukidnon', '8717', 'Pangantucan'),
(276, 'PH', 'Bukidnon', '8705', 'Phillips'),
(277, 'PH', 'Bukidnon', '8715', 'Quezon'),
(278, 'PH', 'Bukidnon', '8711', 'San Fernando'),
(279, 'PH', 'Bukidnon', '8701', 'Sumilao'),
(280, 'PH', 'Bukidnon', '8708', 'Talakag'),
(281, 'PH', 'Bukidnon', '8709', 'Valencia City'),
(282, 'PH', 'Bulacan', '3012', 'Angat'),
(283, 'PH', 'Bulacan', '3016', 'Balagtas (Bigaa)'),
(284, 'PH', 'Bulacan', '3006', 'Baliuag'),
(285, 'PH', 'Bulacan', '3018', 'Bocaue'),
(286, 'PH', 'Bulacan', '3017', 'Bulacan'),
(287, 'PH', 'Bulacan', '3007', 'Bustos'),
(288, 'PH', 'Bulacan', '3003', 'Calumpit'),
(289, 'PH', 'Bulacan', '3009', 'Dona Remedios Trinidad'),
(290, 'PH', 'Bulacan', '3015', 'Guiguinto'),
(291, 'PH', 'Bulacan', '3002', 'Hagonoy'),
(292, 'PH', 'Bulacan', '3000', 'Malolos City'),
(293, 'PH', 'Bulacan', '3019', 'Marilao'),
(294, 'PH', 'Bulacan', '3020', 'Meycauayan City'),
(295, 'PH', 'Bulacan', '3013', 'Norzagaray'),
(296, 'PH', 'Bulacan', '3021', 'Obando'),
(297, 'PH', 'Bulacan', '3014', 'Pandi'),
(298, 'PH', 'Bulacan', '3001', 'Paombong'),
(299, 'PH', 'Bulacan', '3004', 'Plaridel'),
(300, 'PH', 'Bulacan', '3005', 'Pulilan'),
(301, 'PH', 'Bulacan', '3010', 'San Ildefonso'),
(302, 'PH', 'Bulacan', '3023', 'San Jose del Monte City'),
(303, 'PH', 'Bulacan', '3011', 'San Miguel'),
(304, 'PH', 'Bulacan', '3008', 'San Rafael'),
(305, 'PH', 'Bulacan', '3022', 'Santa Maria'),
(306, 'PH', 'Bulacan', '3024', 'Sapang Palay, San Jose del Monte City'),
(307, 'PH', 'Cagayan', '3517', 'Abulug'),
(308, 'PH', 'Cagayan', '3507', 'Alcala'),
(309, 'PH', 'Cagayan', '3523', 'Allacapan'),
(310, 'PH', 'Cagayan', '3505', 'Amulung'),
(311, 'PH', 'Cagayan', '3515', 'Aparri'),
(312, 'PH', 'Cagayan', '3506', 'Baggao'),
(313, 'PH', 'Cagayan', '3516', 'Ballesteros'),
(314, 'PH', 'Cagayan', '3511', 'Buguey'),
(315, 'PH', 'Cagayan', '3520', 'Calayan'),
(316, 'PH', 'Cagayan', '3510', 'Camalaniugan'),
(317, 'PH', 'Cagayan', '3519', 'Claveria'),
(318, 'PH', 'Cagayan', '3501', 'Enrile'),
(319, 'PH', 'Cagayan', '3508', 'Gattaran'),
(320, 'PH', 'Cagayan', '3513', 'Gonzaga'),
(321, 'PH', 'Cagayan', '3504', 'Iguig'),
(322, 'PH', 'Cagayan', '3509', 'Lal-Lo'),
(323, 'PH', 'Cagayan', '3524', 'Lasam'),
(324, 'PH', 'Cagayan', '3522', 'Pamplona'),
(325, 'PH', 'Cagayan', '3502', 'Peñablanca'),
(326, 'PH', 'Cagayan', '3527', 'Piat'),
(327, 'PH', 'Cagayan', '3526', 'Rizal'),
(328, 'PH', 'Cagayan', '3518', 'Sanchez-Mira'),
(329, 'PH', 'Cagayan', '3514', 'Santa Ana'),
(330, 'PH', 'Cagayan', '3521', 'Santa Praxedes'),
(331, 'PH', 'Cagayan', '3512', 'Santa Teresita'),
(332, 'PH', 'Cagayan', '3525', 'Santo Niño'),
(333, 'PH', 'Cagayan', '3503', 'Solana'),
(334, 'PH', 'Cagayan', '3528', 'Tuao'),
(335, 'PH', 'Cagayan', '3500', 'Tuguegarao City'),
(336, 'PH', 'Camarines Norte', '4608', 'Basud'),
(337, 'PH', 'Camarines Norte', '4607', 'Capalonga'),
(338, 'PH', 'Camarines Norte', '4600', 'Daet'),
(339, 'PH', 'Camarines Norte', '4610', 'Imelda / San Lorenzo Ruiz'),
(340, 'PH', 'Camarines Norte', '4606', 'Jose Panganiban'),
(341, 'PH', 'Camarines Norte', '4604', 'Labo'),
(342, 'PH', 'Camarines Norte', '4601', 'Mercedes'),
(343, 'PH', 'Camarines Norte', '4605', 'Paracale'),
(344, 'PH', 'Camarines Norte', '4609', 'San Vicente'),
(345, 'PH', 'Camarines Norte', '4611', 'Santa Elena'),
(346, 'PH', 'Camarines Norte', '4602', 'Talisay'),
(347, 'PH', 'Camarines Norte', '4612', 'Tulay-na-Lupa'),
(348, 'PH', 'Camarines Norte', '4603', 'Vinzons'),
(349, 'PH', 'Camarines Sur', '4432', 'Baao'),
(350, 'PH', 'Camarines Sur', '4436', 'Balatan'),
(351, 'PH', 'Camarines Sur', '4435', 'Bato'),
(352, 'PH', 'Camarines Sur', '4404', 'Bombon'),
(353, 'PH', 'Camarines Sur', '4433', 'Buhi'),
(354, 'PH', 'Camarines Sur', '4430', 'Bula'),
(355, 'PH', 'Camarines Sur', '4406', 'Cabusao'),
(356, 'PH', 'Camarines Sur', '4405', 'Calabanga'),
(357, 'PH', 'Camarines Sur', '4401', 'Camaligan'),
(358, 'PH', 'Camarines Sur', '4402', 'Canaman'),
(359, 'PH', 'Camarines Sur', '4429', 'Caramoan'),
(360, 'PH', 'Camarines Sur', '4411', 'Del Gallego'),
(361, 'PH', 'Camarines Sur', '4412', 'Gainza'),
(362, 'PH', 'Camarines Sur', '4428', 'Garchitorena'),
(363, 'PH', 'Camarines Sur', '4422', 'Goa'),
(364, 'PH', 'Camarines Sur', '4431', 'Iriga City'),
(365, 'PH', 'Camarines Sur', '4425', 'Lagonoy'),
(366, 'PH', 'Camarines Sur', '4407', 'Libmanan'),
(367, 'PH', 'Camarines Sur', '4409', 'Lupi'),
(368, 'PH', 'Camarines Sur', '4403', 'Magarao'),
(369, 'PH', 'Camarines Sur', '4413', 'Milaor'),
(370, 'PH', 'Camarines Sur', '4414', 'Minalabac'),
(371, 'PH', 'Camarines Sur', '4434', 'Nabua'),
(372, 'PH', 'Camarines Sur', '4400', 'Naga City'),
(373, 'PH', 'Camarines Sur', '4419', 'Ocampo'),
(374, 'PH', 'Camarines Sur', '4416', 'Pamplona'),
(375, 'PH', 'Camarines Sur', '4417', 'Pasacao'),
(376, 'PH', 'Camarines Sur', '4418', 'Pili'),
(377, 'PH', 'Camarines Sur', '4424', 'Presentacion'),
(378, 'PH', 'Camarines Sur', '4410', 'Ragay'),
(379, 'PH', 'Camarines Sur', '4421', 'Sagnay'),
(380, 'PH', 'Camarines Sur', '4415', 'San Fernando'),
(381, 'PH', 'Camarines Sur', '4423', 'San Jose'),
(382, 'PH', 'Camarines Sur', '4408', 'Sipocot'),
(383, 'PH', 'Camarines Sur', '4427', 'Siruma'),
(384, 'PH', 'Camarines Sur', '4420', 'Tigaon'),
(385, 'PH', 'Camarines Sur', '4426', 'Tinambac'),
(386, 'PH', 'Camiguin', '9100', 'Mambajao'),
(387, 'PH', 'Camiguin', '9101', 'Mahinog'),
(388, 'PH', 'Camiguin', '9102', 'Guinsiliban'),
(389, 'PH', 'Camiguin', '9103', 'Sagay'),
(390, 'PH', 'Camiguin', '9104', 'Catarman'),
(391, 'PH', 'Capiz', '5811', 'Cuartero'),
(392, 'PH', 'Capiz', '5810', 'Dao'),
(393, 'PH', 'Capiz', '5813', 'Dumalag'),
(394, 'PH', 'Capiz', '5812', 'Dumarao'),
(395, 'PH', 'Capiz', '5805', 'Ivisan'),
(396, 'PH', 'Capiz', '5808', 'Jamindan'),
(397, 'PH', 'Capiz', '5809', 'Ma-ayon'),
(398, 'PH', 'Capiz', '5807', 'Mambusao'),
(399, 'PH', 'Capiz', '5801', 'Panay'),
(400, 'PH', 'Capiz', '5815', 'Panitan'),
(401, 'PH', 'Capiz', '5804', 'Pilar'),
(402, 'PH', 'Capiz', '5802', 'Pontevedra'),
(403, 'PH', 'Capiz', '5803', 'President Roxas'),
(404, 'PH', 'Capiz', '5800', 'Roxas City'),
(405, 'PH', 'Capiz', '5806', 'Sapian'),
(406, 'PH', 'Capiz', '5816', 'Sigma'),
(407, 'PH', 'Capiz', '5814', 'Tapaz'),
(408, 'PH', 'Catanduanes', '4807', 'Bagamanoc'),
(409, 'PH', 'Catanduanes', '4803', 'Baras'),
(410, 'PH', 'Catanduanes', '4801', 'Bato'),
(411, 'PH', 'Catanduanes', '4808', 'Caramoran'),
(412, 'PH', 'Catanduanes', '4804', 'Gigmoto'),
(413, 'PH', 'Catanduanes', '4809', 'Pandan'),
(414, 'PH', 'Catanduanes', '4806', 'Panganiban'),
(415, 'PH', 'Catanduanes', '4810', 'San Andres'),
(416, 'PH', 'Catanduanes', '4802', 'San Miguel'),
(417, 'PH', 'Catanduanes', '4805', 'Viga'),
(418, 'PH', 'Catanduanes', '4800', 'Virac'),
(419, 'PH', 'Cavite', '4133', 'Bailen'),
(420, 'PH', 'Cavite', '4123', 'Alfonso'),
(421, 'PH', 'Cavite', '4119', 'Amadeo'),
(422, 'PH', 'Cavite', '4102', 'Bacoor'),
(423, 'PH', 'Cavite', '4116', 'Carmona'),
(424, 'PH', 'Cavite', '4100', 'Cavite City'),
(425, 'PH', 'Cavite', '4101', 'Sangley Point Naval Base'),
(426, 'PH', 'Cavite', '4125', 'Corregidor Island'),
(427, 'PH', 'Cavite', '4114', 'Dasmariñas'),
(428, 'PH', 'Cavite', '4115', 'Dasmarinas Resettlement Area'),
(429, 'PH', 'Cavite', '4124', 'General Emilio Aguinaldo (Bailen)'),
(430, 'PH', 'Cavite', '4117', 'General Mariano Alvarez'),
(431, 'PH', 'Cavite', '4107', 'General Trias'),
(432, 'PH', 'Cavite', '4103', 'Imus'),
(433, 'PH', 'Cavite', '4122', 'Indang'),
(434, 'PH', 'Cavite', '4104', 'Kawit'),
(435, 'PH', 'Cavite', '4113', 'Magallanes'),
(436, 'PH', 'Cavite', '4112', 'Maragondon'),
(437, 'PH', 'Cavite', '4121', 'Mendez (Mendez-Nuñez)'),
(438, 'PH', 'Cavite', '4110', 'Naic'),
(439, 'PH', 'Cavite', '4105', 'Noveleta'),
(440, 'PH', 'Cavite', '4106', 'Rosario'),
(441, 'PH', 'Cavite', '4118', 'Silang'),
(442, 'PH', 'Cavite', '4120', 'Tagaytay City'),
(443, 'PH', 'Cavite', '4108', 'Tanza'),
(444, 'PH', 'Cavite', '4111', 'Ternate incl. Caylabne Bay & Puerto Azul'),
(445, 'PH', 'Cavite', '4109', 'Trece Martires City'),
(446, 'PH', 'Cebu', '6055', 'Alcantara'),
(447, 'PH', 'Cebu', '6066', 'Alcoy'),
(448, 'PH', 'Cebu', '6077', 'Alegria'),
(449, 'PH', 'Cebu', '6088', 'Aloguinsan'),
(450, 'PH', 'Cebu', '6099', 'Argao'),
(451, 'PH', 'Cebu', '6010', 'Asturias'),
(452, 'PH', 'Cebu', '6011', 'Badian'),
(453, 'PH', 'Cebu', '6041', 'Balamban'),
(454, 'PH', 'Cebu', '6052', 'Bantayan'),
(455, 'PH', 'Cebu', '6036', 'Barili'),
(456, 'PH', 'Cebu', '6010', 'Bogo City'),
(457, 'PH', 'Cebu', '6024', 'Boljoon'),
(458, 'PH', 'Cebu', '6008', 'Borbon'),
(459, 'PH', 'Cebu', '6019', 'Carcar City'),
(460, 'PH', 'Cebu', '6005', 'Carmen'),
(461, 'PH', 'Cebu', '6006', 'Catmon'),
(462, 'PH', 'Cebu', '6000', 'Cebu City'),
(463, 'PH', 'Cebu', '6003', 'Compostela'),
(464, 'PH', 'Cebu', '6001', 'Consolacion'),
(465, 'PH', 'Cebu', '6017', 'Cordova'),
(466, 'PH', 'Cebu', '6013', 'Daanbantayan'),
(467, 'PH', 'Cebu', '6022', 'Dalaguete'),
(468, 'PH', 'Cebu', '6004', 'Danao City'),
(469, 'PH', 'Cebu', '6035', 'Dumanjug'),
(470, 'PH', 'Cebu', '6028', 'Ginatilan'),
(471, 'PH', 'Cebu', '6015', 'Lapu-Lapu City (Opon)'),
(472, 'PH', 'Cebu', '6002', 'Liloan'),
(473, 'PH', 'Cebu', '6016', 'Mactan Airport'),
(474, 'PH', 'Cebu', '6053', 'Madridejos'),
(475, 'PH', 'Cebu', '6029', 'Malabuyoc'),
(476, 'PH', 'Cebu', '6014', 'Mandaue City'),
(477, 'PH', 'Cebu', '6012', 'Medellin'),
(478, 'PH', 'Cebu', '6046', 'Minglanilla'),
(479, 'PH', 'Cebu', '6032', 'Moalboal'),
(480, 'PH', 'Cebu', '6037', 'Naga'),
(481, 'PH', 'Cebu', '6025', 'Oslob'),
(482, 'PH', 'Cebu', '6048', 'Pilar'),
(483, 'PH', 'Cebu', '6039', 'Pinamungahan'),
(484, 'PH', 'Cebu', '6049', 'Poro'),
(485, 'PH', 'Cebu', '6034', 'Ronda'),
(486, 'PH', 'Cebu', '6027', 'Samboan'),
(487, 'PH', 'Cebu', '6018', 'San Fernando'),
(488, 'PH', 'Cebu', '6050', 'San Francisco'),
(489, 'PH', 'Cebu', '6011', 'San Remigio'),
(490, 'PH', 'Cebu', '6047', 'Santa Fe'),
(491, 'PH', 'Cebu', '6026', 'Santander'),
(492, 'PH', 'Cebu', '6020', 'Sibonga'),
(493, 'PH', 'Cebu', '6007', 'Sogod'),
(494, 'PH', 'Cebu', '6009', 'Tabogon'),
(495, 'PH', 'Cebu', '6044', 'Tabuelan'),
(496, 'PH', 'Cebu', '6045', 'Talisay City'),
(497, 'PH', 'Cebu', '6038', 'Toledo City'),
(498, 'PH', 'Cebu', '6043', 'Tuburan'),
(499, 'PH', 'Cebu', '6051', 'Tudela'),
(500, 'PH', 'Compostela Valley', '8109', 'Compostela'),
(501, 'PH', 'Compostela Valley', '8103', 'Laak (San Vicente)'),
(502, 'PH', 'Compostela Valley', '8115', 'Mabini (Doña Alicia)'),
(503, 'PH', 'Compostela Valley', '8114', 'Maco'),
(504, 'PH', 'Compostela Valley', '8116', 'Maragusan (San Mariano)'),
(505, 'PH', 'Compostela Valley', '8108', 'Mawab'),
(506, 'PH', 'Compostela Valley', '8111', 'Monkayo'),
(507, 'PH', 'Compostela Valley', '8107', 'Montevista'),
(508, 'PH', 'Compostela Valley', '8106', 'Nabunturan'),
(509, 'PH', 'Compostela Valley', '8110', 'New Bataan'),
(510, 'PH', 'Compostela Valley', '8117', 'Pantukan'),
(511, 'PH', 'Cotabato', '9413', 'Alamada'),
(512, 'PH', 'Cotabato', '9415', 'Aleosan'),
(513, 'PH', 'Cotabato', '9414', 'Antipas'),
(514, 'PH', 'Cotabato', '9417', 'Arakan'),
(515, 'PH', 'Cotabato', '9416', 'Banisilan'),
(516, 'PH', 'Cotabato', '9408', 'Carmen'),
(517, 'PH', 'Cotabato', '9407', 'Kabacan'),
(518, 'PH', 'Cotabato', '9400', 'Kidapawan City'),
(519, 'PH', 'Cotabato', '9411', 'Libungan'),
(520, 'PH', 'Cotabato', '9404', 'Magpet'),
(521, 'PH', 'Cotabato', '9401', 'Makilala'),
(522, 'PH', 'Cotabato', '9406', 'Matalam'),
(523, 'PH', 'Cotabato', '9410', 'Midsayap'),
(524, 'PH', 'Cotabato', '9402', 'M''Lang'),
(525, 'PH', 'Cotabato', '9412', 'Pigkawayan'),
(526, 'PH', 'Cotabato', '9409', 'Pikit'),
(527, 'PH', 'Cotabato', '9405', 'President Roxas'),
(528, 'PH', 'Cotabato', '9403', 'Tulunan'),
(529, 'PH', 'Davao del Norte', '8102', 'Asuncion'),
(530, 'PH', 'Davao del Norte', '8118', 'Babak'),
(531, 'PH', 'Davao del Norte', '8101', 'Carmen'),
(532, 'PH', 'Davao del Norte', '8113', 'Kapalong'),
(533, 'PH', 'Davao del Norte', '8120', 'Kaputian'),
(534, 'PH', 'Davao del Norte', '8104', 'New Corella'),
(535, 'PH', 'Davao del Norte', '8105', 'Panabo City'),
(536, 'PH', 'Davao del Norte', '8119', 'Island Garden City of Samal'),
(537, 'PH', 'Davao del Norte', '8112', 'Santo Tomas'),
(538, 'PH', 'Davao del Norte', '8100', 'Tagum City'),
(539, 'PH', 'Davao del Sur', '8005', 'Bansalan'),
(540, 'PH', 'Davao del Sur', '8000', 'Davao City'),
(541, 'PH', 'Davao del Sur', '8016', 'Ateneo de Davao University'),
(542, 'PH', 'Davao del Sur', '8002', 'Digos City'),
(543, 'PH', 'Davao del Sur', '8013', 'Don Marcelino'),
(544, 'PH', 'Davao del Sur', '8006', 'Hagonoy'),
(545, 'PH', 'Davao del Sur', '8014', 'Jose Abad Santos'),
(546, 'PH', 'Davao del Sur', '8008', 'Kiblawan'),
(547, 'PH', 'Davao del Sur', '8004', 'Magsaysay'),
(548, 'PH', 'Davao del Sur', '8010', 'Malalag'),
(549, 'PH', 'Davao del Sur', '8012', 'Malita'),
(550, 'PH', 'Davao del Sur', '8003', 'Matanao'),
(551, 'PH', 'Davao del Sur', '8007', 'Padada'),
(552, 'PH', 'Davao del Sur', '8001', 'Santa Cruz'),
(553, 'PH', 'Davao del Sur', '8011', 'Santa Maria'),
(554, 'PH', 'Davao del Sur', '8015', 'Sarangani'),
(555, 'PH', 'Davao del Sur', '8009', 'Sulop'),
(556, 'PH', 'Davao del Sur', '8200', 'Mati'),
(557, 'PH', 'Davao del Sur', '8209', 'San Isidro'),
(558, 'PH', 'Davao del Sur', '8201', 'Tarragona'),
(559, 'PH', 'Dinagat Islands', '8413', 'Basilisa (Rizal)'),
(560, 'PH', 'Dinagat Islands', '8411', 'Cagdianao'),
(561, 'PH', 'Dinagat Islands', '8412', 'Dinagat'),
(562, 'PH', 'Dinagat Islands', '8414', 'Libjo (Albor)'),
(563, 'PH', 'Dinagat Islands', '8415', 'Loreto'),
(564, 'PH', 'Dinagat Islands', '8427', 'San Jose'),
(565, 'PH', 'Dinagat Islands', '8426', 'Tubajon'),
(566, 'PH', 'Eastern Samar', '6822', 'Arteche'),
(567, 'PH', 'Eastern Samar', '6812', 'Balangiga'),
(568, 'PH', 'Eastern Samar', '6801', 'Balangkayan'),
(569, 'PH', 'Eastern Samar', '6800', 'Borongan'),
(570, 'PH', 'Eastern Samar', '6806', 'Can-avid'),
(571, 'PH', 'Eastern Samar', '6817', 'Dolores'),
(572, 'PH', 'Eastern Samar', '6805', 'General MacArthur'),
(573, 'PH', 'Eastern Samar', '6811', 'Giporlos'),
(574, 'PH', 'Eastern Samar', '6809', 'Guiuan'),
(575, 'PH', 'Eastern Samar', '6804', 'Hernani'),
(576, 'PH', 'Eastern Samar', '6819', 'Jipapad'),
(577, 'PH', 'Eastern Samar', '6813', 'Lawaan'),
(578, 'PH', 'Eastern Samar', '6803', 'Llorente'),
(579, 'PH', 'Eastern Samar', '6820', 'Maslog'),
(580, 'PH', 'Eastern Samar', '6802', 'Maydolong'),
(581, 'PH', 'Eastern Samar', '6808', 'Mercedes'),
(582, 'PH', 'Eastern Samar', '6818', 'Oras'),
(583, 'PH', 'Eastern Samar', '6810', 'Quinapondan'),
(584, 'PH', 'Eastern Samar', '6807', 'Salcedo'),
(585, 'PH', 'Eastern Samar', '6814', 'San Julian'),
(586, 'PH', 'Eastern Samar', '6821', 'San Policarpo'),
(587, 'PH', 'Eastern Samar', '6815', 'Sulat'),
(588, 'PH', 'Eastern Samar', '6816', 'Taft'),
(589, 'PH', 'Guimaras', '5044', 'Buenavista'),
(590, 'PH', 'Guimaras', '5045', 'Jordan'),
(591, 'PH', 'Guimaras', '5046', 'Nueva Valencia'),
(592, 'PH', 'Guimaras', '5047', 'San Lorenzo'),
(593, 'PH', 'Guimaras', '5048', 'Sibunag'),
(594, 'PH', 'Ifugao', '3606', 'Aguinaldo'),
(595, 'PH', 'Ifugao', '3608', 'Alfonso Lista (Potia)'),
(596, 'PH', 'Ifugao', '3610', 'Asipulo'),
(597, 'PH', 'Ifugao', '3601', 'Banaue'),
(598, 'PH', 'Ifugao', '3607', 'Hingyon'),
(599, 'PH', 'Ifugao', '3603', 'Hungduan'),
(600, 'PH', 'Ifugao', '3604', 'Kiangan'),
(601, 'PH', 'Ifugao', '3600', 'Lagawe'),
(602, 'PH', 'Ifugao', '3605', 'Lamut'),
(603, 'PH', 'Ifugao', '3602', 'Mayoyao (Mayaoyao)'),
(604, 'PH', 'Ifugao', '3609', 'Tinoc'),
(605, 'PH', 'Ilocos Norte', '2922', 'Adams'),
(606, 'PH', 'Ilocos Norte', '2916', 'Bacarra'),
(607, 'PH', 'Ilocos Norte', '2904', 'Badoc'),
(608, 'PH', 'Ilocos Norte', '2920', 'Bangui'),
(609, 'PH', 'Ilocos Norte', '2908', 'Banna (Espiritu)'),
(610, 'PH', 'Ilocos Norte', '2906', 'Batac'),
(611, 'PH', 'Ilocos Norte', '2918', 'Burgos'),
(612, 'PH', 'Ilocos Norte', '2911', 'Carasi'),
(613, 'PH', 'Ilocos Norte', '2903', 'Currimao'),
(614, 'PH', 'Ilocos Norte', '2913', 'Dingras'),
(615, 'PH', 'Ilocos Norte', '2921', 'Dumalneg'),
(616, 'PH', 'Ilocos Norte', '2900', 'Laoag City'),
(617, 'PH', 'Ilocos Norte', '2907', 'Marcos'),
(618, 'PH', 'Ilocos Norte', '2909', 'Nueva Era'),
(619, 'PH', 'Ilocos Norte', '2919', 'Pagudpud'),
(620, 'PH', 'Ilocos Norte', '2902', 'Paoay'),
(621, 'PH', 'Ilocos Norte', '2917', 'Pasuquin'),
(622, 'PH', 'Ilocos Norte', '2912', 'Piddig'),
(623, 'PH', 'Ilocos Norte', '2905', 'Pinili'),
(624, 'PH', 'Ilocos Norte', '2901', 'San Nicolas'),
(625, 'PH', 'Ilocos Norte', '2914', 'Sarrat'),
(626, 'PH', 'Ilocos Norte', '2910', 'Solsona'),
(627, 'PH', 'Ilocos Norte', '2915', 'Vintar'),
(628, 'PH', 'Ilocos Sur', '2716', 'Alilem'),
(629, 'PH', 'Ilocos Sur', '2708', 'Banayoyo'),
(630, 'PH', 'Ilocos Sur', '2727', 'Bantay'),
(631, 'PH', 'Ilocos Sur', '2724', 'Burgos'),
(632, 'PH', 'Ilocos Sur', '2732', 'Cabugao'),
(633, 'PH', 'Ilocos Sur', '2710', 'Candon City'),
(634, 'PH', 'Ilocos Sur', '2702', 'Caoayan'),
(635, 'PH', 'Ilocos Sur', '2718', 'Cervantes'),
(636, 'PH', 'Ilocos Sur', '2709', 'Galimuyod'),
(637, 'PH', 'Ilocos Sur', '2720', 'Gregorio del Pilar'),
(638, 'PH', 'Ilocos Sur', '2723', 'Lidlidda'),
(639, 'PH', 'Ilocos Sur', '2730', 'Magsingal'),
(640, 'PH', 'Ilocos Sur', '2725', 'Nagbukel'),
(641, 'PH', 'Ilocos Sur', '2704', 'Narvacan'),
(642, 'PH', 'Ilocos Sur', '2721', 'Quirino (Angkaki)'),
(643, 'PH', 'Ilocos Sur', '2711', 'Salcedo (Baugen)'),
(644, 'PH', 'Ilocos Sur', '2722', 'San Emilio'),
(645, 'PH', 'Ilocos Sur', '2706', 'San Esteban'),
(646, 'PH', 'Ilocos Sur', '2728', 'San Ildefonso'),
(647, 'PH', 'Ilocos Sur', '2731', 'San Juan (Lapog)'),
(648, 'PH', 'Ilocos Sur', '2726', 'San Vicente'),
(649, 'PH', 'Ilocos Sur', '2703', 'Santa'),
(650, 'PH', 'Ilocos Sur', '2701', 'Santa Catalina'),
(651, 'PH', 'Ilocos Sur', '2713', 'Santa Cruz'),
(652, 'PH', 'Ilocos Sur', '2712', 'Santa Lucia'),
(653, 'PH', 'Ilocos Sur', '2705', 'Santa Maria'),
(654, 'PH', 'Ilocos Sur', '2707', 'Santiago'),
(655, 'PH', 'Ilocos Sur', '2729', 'Santo Domingo'),
(656, 'PH', 'Ilocos Sur', '2719', 'Sigay'),
(657, 'PH', 'Ilocos Sur', '2733', 'Sinait'),
(658, 'PH', 'Ilocos Sur', '2717', 'Sugpon'),
(659, 'PH', 'Ilocos Sur', '2715', 'Suyo'),
(660, 'PH', 'Ilocos Sur', '2714', 'Tagudin'),
(661, 'PH', 'Ilocos Sur', '2700', 'Vigan City'),
(662, 'PH', 'Iloilo', '5012', 'Ajuy'),
(663, 'PH', 'Iloilo', '5028', 'Alimodian'),
(664, 'PH', 'Iloilo', '5009', 'Anilao'),
(665, 'PH', 'Iloilo', '5033', 'Badiangan'),
(666, 'PH', 'Iloilo', '5018', 'Balasan'),
(667, 'PH', 'Iloilo', '5010', 'Banate'),
(668, 'PH', 'Iloilo', '5007', 'Barotoc Nuevo'),
(669, 'PH', 'Iloilo', '5011', 'Barotoc Viejo'),
(670, 'PH', 'Iloilo', '5016', 'Batad'),
(671, 'PH', 'Iloilo', '5041', 'Bingawan'),
(672, 'PH', 'Iloilo', '5031', 'Cabatuan'),
(673, 'PH', 'Iloilo', '5040', 'Calinog'),
(674, 'PH', 'Iloilo', '5019', 'Carles'),
(675, 'PH', 'Iloilo', '5013', 'Concepcion'),
(676, 'PH', 'Iloilo', '5035', 'Dingle'),
(677, 'PH', 'Iloilo', '5038', 'Duenas'),
(678, 'PH', 'Iloilo', '5006', 'Dumangas'),
(679, 'PH', 'Iloilo', '5017', 'Estancia'),
(680, 'PH', 'Iloilo', '5022', 'Guimbal'),
(681, 'PH', 'Iloilo', '5029', 'Igbaras'),
(682, 'PH', 'Iloilo', '5000', 'Iloilo City'),
(683, 'PH', 'Iloilo', '5034', 'Janiuay'),
(684, 'PH', 'Iloilo', '5042', 'Lambunao'),
(685, 'PH', 'Iloilo', '5003', 'Leganes'),
(686, 'PH', 'Iloilo', '5043', 'Lemery'),
(687, 'PH', 'Iloilo', '5026', 'Leon'),
(688, 'PH', 'Iloilo', '5030', 'Maasin'),
(689, 'PH', 'Iloilo', '5023', 'Miagao'),
(690, 'PH', 'Iloilo', '5032', 'Mina'),
(691, 'PH', 'Iloilo', '5005', 'New Lucena'),
(692, 'PH', 'Iloilo', '5020', 'Oton'),
(693, 'PH', 'Iloilo', '5037', 'Passi City'),
(694, 'PH', 'Iloilo', '5001', 'Pavia'),
(695, 'PH', 'Iloilo', '5008', 'Pototan'),
(696, 'PH', 'Iloilo', '5015', 'San Dionisio'),
(697, 'PH', 'Iloilo', '5036', 'San Enrique'),
(698, 'PH', 'Iloilo', '5024', 'San Joaquin'),
(699, 'PH', 'Iloilo', '5025', 'San Miguel'),
(700, 'PH', 'Iloilo', '5039', 'San Rafael'),
(701, 'PH', 'Iloilo', '5002', 'Santa Barbara'),
(702, 'PH', 'Iloilo', '5014', 'Sara'),
(703, 'PH', 'Iloilo', '5021', 'Tigbauan'),
(704, 'PH', 'Iloilo', '5027', 'Tubungan'),
(705, 'PH', 'Iloilo', '5004', 'Zarraga'),
(706, 'PH', 'Isabela', '3306', 'Alicia'),
(707, 'PH', 'Isabela', '3307', 'Angadanan'),
(708, 'PH', 'Isabela', '3316', 'Aurora'),
(709, 'PH', 'Isabela', '3331', 'Benito Soliven'),
(710, 'PH', 'Isabela', '3322', 'Burgos'),
(711, 'PH', 'Isabela', '3328', 'Cabagan'),
(712, 'PH', 'Isabela', '3315', 'Cabatuan'),
(713, 'PH', 'Isabela', '3305', 'Cauayan City'),
(714, 'PH', 'Isabela', '3312', 'Cordon'),
(715, 'PH', 'Isabela', '3326', 'Delfin Albano'),
(716, 'PH', 'Isabela', '3336', 'Dinapigui'),
(717, 'PH', 'Isabela', '3335', 'Divilacan'),
(718, 'PH', 'Isabela', '3309', 'Echague'),
(719, 'PH', 'Isabela', '3301', 'Gamu'),
(720, 'PH', 'Isabela', '3300', 'Ilagan'),
(721, 'PH', 'Isabela', '3313', 'Jones'),
(722, 'PH', 'Isabela', '3304', 'Luna'),
(723, 'PH', 'Isabela', '3333', 'Maconacon'),
(724, 'PH', 'Isabela', '3323', 'Mallig'),
(725, 'PH', 'Isabela', '3302', 'Naguillan'),
(726, 'PH', 'Isabela', '3334', 'Palanan'),
(727, 'PH', 'Isabela', '3324', 'Quezon'),
(728, 'PH', 'Isabela', '3321', 'Quirino'),
(729, 'PH', 'Isabela', '3319', 'Ramon'),
(730, 'PH', 'Isabela', '3303', 'Reina Mercedes'),
(731, 'PH', 'Isabela', '3320', 'Roxas'),
(732, 'PH', 'Isabela', '3314', 'San Agustin'),
(733, 'PH', 'Isabela', '3308', 'San Guillermo'),
(734, 'PH', 'Isabela', '3310', 'San Isidro'),
(735, 'PH', 'Isabela', '3317', 'San Manuel (Callang)'),
(736, 'PH', 'Isabela', '3332', 'San Mariano'),
(737, 'PH', 'Isabela', '3318', 'San Mateo'),
(738, 'PH', 'Isabela', '3329', 'San Pablo'),
(739, 'PH', 'Isabela', '3330', 'Santa Maria'),
(740, 'PH', 'Isabela', '3311', 'Santiago City'),
(741, 'PH', 'Isabela', '3327', 'Santo Tomas'),
(742, 'PH', 'Isabela', '3325', 'Tumauini'),
(743, 'PH', 'Kalinga', '3801', 'Balbalan'),
(744, 'PH', 'Kalinga', '3808', 'Liwan (Rizal)'),
(745, 'PH', 'Kalinga', '3802', 'Lubuagan'),
(746, 'PH', 'Kalinga', '3803', 'Pasil'),
(747, 'PH', 'Kalinga', '3806', 'Pinukpuk'),
(748, 'PH', 'Kalinga', '3800', 'Tabuk City'),
(749, 'PH', 'Kalinga', '3805', 'Tanudan'),
(750, 'PH', 'Kalinga', '3804', 'Tinglayan'),
(751, 'PH', 'La Union', '2504', 'Agoo'),
(752, 'PH', 'La Union', '2503', 'Aringay'),
(753, 'PH', 'La Union', '2515', 'Bacnotan'),
(754, 'PH', 'La Union', '2512', 'Bagulin'),
(755, 'PH', 'La Union', '2517', 'Balaoan'),
(756, 'PH', 'La Union', '2519', 'Bangar'),
(757, 'PH', 'La Union', '2501', 'Bauang'),
(758, 'PH', 'La Union', '2510', 'Burgos'),
(759, 'PH', 'La Union', '2502', 'Caba'),
(760, 'PH', 'La Union', '2507', 'Damortis'),
(761, 'PH', 'La Union', '2518', 'Luna'),
(762, 'PH', 'La Union', '2511', 'Naguillan'),
(763, 'PH', 'La Union', '2508', 'Pugo'),
(764, 'PH', 'La Union', '2506', 'Rosario'),
(765, 'PH', 'La Union', '2500', 'San Fernando City'),
(766, 'PH', 'La Union', '2513', 'San Gabriel'),
(767, 'PH', 'La Union', '2514', 'San Juan'),
(768, 'PH', 'La Union', '2505', 'Santo Tomas'),
(769, 'PH', 'La Union', '2516', 'Santol'),
(770, 'PH', 'La Union', '2520', 'Sudepen'),
(771, 'PH', 'La Union', '2509', 'Tubao'),
(772, 'PH', 'Laguna', '4001', 'Alaminos'),
(773, 'PH', 'Laguna', '4033', 'Bay'),
(774, 'PH', 'Laguna', '4024', 'Biñan'),
(775, 'PH', 'Laguna', '4006', 'Botocan, Magdalena'),
(776, 'PH', 'Laguna', '4025', 'Cabuyao'),
(777, 'PH', 'Laguna', '4027', 'Calamba City'),
(778, 'PH', 'Laguna', '4012', 'Calauan'),
(779, 'PH', 'Laguna', '4029', 'Camp Vicente Lim'),
(780, 'PH', 'Laguna', '4028', 'Canlubang, Calamba City'),
(781, 'PH', 'Laguna', '4013', 'Cavinti'),
(782, 'PH', 'Laguna', '4021', 'Famy'),
(783, 'PH', 'Laguna', '4015', 'Kalayaan'),
(784, 'PH', 'Laguna', '4004', 'Liliw'),
(785, 'PH', 'Laguna', '4030', 'Los Baños'),
(786, 'PH', 'Laguna', '4032', 'Luisiana'),
(787, 'PH', 'Laguna', '4014', 'Lumban'),
(788, 'PH', 'Laguna', '4020', 'Mabitac'),
(789, 'PH', 'Laguna', '4007', 'Magdalena'),
(790, 'PH', 'Laguna', '4005', 'Majayjay'),
(791, 'PH', 'Laguna', '4002', 'Nagcarlan'),
(792, 'PH', 'Laguna', '4016', 'Paete'),
(793, 'PH', 'Laguna', '4008', 'Pagsanjan'),
(794, 'PH', 'Laguna', '4017', 'Pakil'),
(795, 'PH', 'Laguna', '4018', 'Pangil'),
(796, 'PH', 'Laguna', '4010', 'Pila'),
(797, 'PH', 'Laguna', '4003', 'Rizal'),
(798, 'PH', 'Laguna', '4000', 'San Pablo City'),
(799, 'PH', 'Laguna', '4023', 'San Pedro'),
(800, 'PH', 'Laguna', '4009', 'Santa Cruz'),
(801, 'PH', 'Laguna', '4022', 'Santa Maria'),
(802, 'PH', 'Laguna', '4026', 'Santa Rosa City'),
(803, 'PH', 'Laguna', '4019', 'Siniloan'),
(804, 'PH', 'Laguna', '4031', 'University of the Philippines, Los Baños'),
(805, 'PH', 'Laguna', '4011', 'Victoria'),
(806, 'PH', 'Lanao del Norte', '9205', 'Bacolod'),
(807, 'PH', 'Lanao del Norte', '9217', 'Baloi'),
(808, 'PH', 'Lanao del Norte', '9210', 'Baroy'),
(809, 'PH', 'Lanao del Norte', '9200', 'Iligan City'),
(810, 'PH', 'Lanao del Norte', '9214', 'Kapatagan'),
(811, 'PH', 'Lanao del Norte', '9215', 'Karomatan'),
(812, 'PH', 'Lanao del Norte', '9202', 'Kauswagan'),
(813, 'PH', 'Lanao del Norte', '9207', 'Kolambogan'),
(814, 'PH', 'Lanao del Norte', '9211', 'Lala'),
(815, 'PH', 'Lanao del Norte', '9201', 'Linamon'),
(816, 'PH', 'Lanao del Norte', '9221', 'Magsaysay'),
(817, 'PH', 'Lanao del Norte', '9206', 'Maigo'),
(818, 'PH', 'Lanao del Norte', '9203', 'Matungao'),
(819, 'PH', 'Lanao del Norte', '9219', 'Munai'),
(820, 'PH', 'Lanao del Norte', '9216', 'Nunungan'),
(821, 'PH', 'Lanao del Norte', '9208', 'Pantao Ragat'),
(822, 'PH', 'Lanao del Norte', '9218', 'Pantar'),
(823, 'PH', 'Lanao del Norte', '9204', 'Poona Piagapo'),
(824, 'PH', 'Lanao del Norte', '9212', 'Salvador'),
(825, 'PH', 'Lanao del Norte', '9213', 'Sapad'),
(826, 'PH', 'Lanao del Norte', '9222', 'Tagoloan'),
(827, 'PH', 'Lanao del Norte', '9220', 'Tangkal'),
(828, 'PH', 'Lanao del Norte', '9209', 'Tubod'),
(829, 'PH', 'Lanao del Sur', '9316', 'Bacolod Kalawi'),
(830, 'PH', 'Lanao del Sur', '9302', 'Balabagan'),
(831, 'PH', 'Lanao del Sur', '9318', 'Balindong'),
(832, 'PH', 'Lanao del Sur', '9309', 'Bayang'),
(833, 'PH', 'Lanao del Sur', '9310', 'Binidayan'),
(834, 'PH', 'Lanao del Sur', '9714', 'Buadiposo Buntong'),
(835, 'PH', 'Lanao del Sur', '9708', 'Bubong'),
(836, 'PH', 'Lanao del Sur', '9320', 'Bumbaran'),
(837, 'PH', 'Lanao del Sur', '9305', 'Butig'),
(838, 'PH', 'Lanao del Sur', '9319', 'Calanogas'),
(839, 'PH', 'Lanao del Sur', '9311', 'Ganassi'),
(840, 'PH', 'Lanao del Sur', '9709', 'Kapai'),
(841, 'PH', 'Lanao del Sur', '9703', 'Lumba Bayabao'),
(842, 'PH', 'Lanao del Sur', '9307', 'Lumbatan'),
(843, 'PH', 'Lanao del Sur', '9306', 'Lumbayanague'),
(844, 'PH', 'Lanao del Sur', '9308', 'Macadar Andong'),
(845, 'PH', 'Lanao del Sur', '9315', 'Madalum'),
(846, 'PH', 'Lanao del Sur', '9314', 'Madamba'),
(847, 'PH', 'Lanao del Sur', '9715', 'Maguing'),
(848, 'PH', 'Lanao del Sur', '9300', 'Malabang'),
(849, 'PH', 'Lanao del Sur', '9303', 'Marogong'),
(850, 'PH', 'Lanao del Sur', '9711', 'Marantao'),
(851, 'PH', 'Lanao del Sur', '9700', 'Marawi City'),
(852, 'PH', 'Lanao del Sur', '9706', 'Masui'),
(853, 'PH', 'Lanao del Sur', '9702', 'Mulondo'),
(854, 'PH', 'Lanao del Sur', '9312', 'Pagayawan'),
(855, 'PH', 'Lanao del Sur', '9710', 'Piagapo'),
(856, 'PH', 'Lanao del Sur', '9705', 'Poona Bayabao'),
(857, 'PH', 'Lanao del Sur', '9313', 'Pualas'),
(858, 'PH', 'Lanao del Sur', '9713', 'Ramain-Ditsaan'),
(859, 'PH', 'Lanao del Sur', '9701', 'Saguiaran'),
(860, 'PH', 'Lanao del Sur', '9301', 'Picong(Sultan Gumander)'),
(861, 'PH', 'Lanao del Sur', '9321', 'Tagoloan-II'),
(862, 'PH', 'Lanao del Sur', '9704', 'Tamparan'),
(863, 'PH', 'Lanao del Sur', '9712', 'Taraka'),
(864, 'PH', 'Lanao del Sur', '9304', 'Tubaran'),
(865, 'PH', 'Lanao del Sur', '9317', 'Tugaya'),
(866, 'PH', 'Lanao del Sur', '9716', 'Wao'),
(867, 'PH', 'Leyte', '6510', 'Abuyog'),
(868, 'PH', 'Leyte', '6517', 'Alangalang'),
(869, 'PH', 'Leyte', '6542', 'Albuera'),
(870, 'PH', 'Leyte', '6520', 'Babatngon'),
(871, 'PH', 'Leyte', '6519', 'Barugo'),
(872, 'PH', 'Leyte', '6525', 'Bato'),
(873, 'PH', 'Leyte', '6521', 'Baybay'),
(874, 'PH', 'Leyte', '6516', 'Burauen'),
(875, 'PH', 'Leyte', '6534', 'Calubian'),
(876, 'PH', 'Leyte', '6530', 'Capoocan'),
(877, 'PH', 'Leyte', '6529', 'Carigara'),
(878, 'PH', 'Leyte', '6515', 'Dagami'),
(879, 'PH', 'Leyte', '6505', 'Dulag'),
(880, 'PH', 'Leyte', '6524', 'Hilongos'),
(881, 'PH', 'Leyte', '6523', 'Hindang'),
(882, 'PH', 'Leyte', '6522', 'Inopacan'),
(883, 'PH', 'Leyte', '6539', 'Isabel'),
(884, 'PH', 'Leyte', '6527', 'Jaro'),
(885, 'PH', 'Leyte', '6511', 'Javier'),
(886, 'PH', 'Leyte', '6506', 'Julita'),
(887, 'PH', 'Leyte', '6531', 'Kananga'),
(888, 'PH', 'Leyte', '6508', 'La Paz'),
(889, 'PH', 'Leyte', '6533', 'Leyte'),
(890, 'PH', 'Leyte', '6509', 'Macarthur'),
(891, 'PH', 'Leyte', '6512', 'Mahaplag'),
(892, 'PH', 'Leyte', '6532', 'Matag-ob'),
(893, 'PH', 'Leyte', '6526', 'Matalom'),
(894, 'PH', 'Leyte', '6507', 'Mayorga'),
(895, 'PH', 'Leyte', '6540', 'Merida'),
(896, 'PH', 'Leyte', '6541', 'Ormoc City'),
(897, 'PH', 'Leyte', '6501', 'Palo'),
(898, 'PH', 'Leyte', '6538', 'Palompon'),
(899, 'PH', 'Leyte', '6514', 'Pastrana'),
(900, 'PH', 'Leyte', '6535', 'San Isidro'),
(901, 'PH', 'Leyte', '6518', 'San Miguel'),
(902, 'PH', 'Leyte', '6513', 'Santa Fe'),
(903, 'PH', 'Leyte', '6536', 'Tabango'),
(904, 'PH', 'Leyte', '6504', 'Tabontabon'),
(905, 'PH', 'Leyte', '6500', 'Tacloban City'),
(906, 'PH', 'Leyte', '6502', 'Tanuan'),
(907, 'PH', 'Leyte', '6503', 'Tolosa'),
(908, 'PH', 'Leyte', '6528', 'Tunga'),
(909, 'PH', 'Leyte', '6537', 'Villaba'),
(910, 'PH', 'Maguindanao', '9600', 'Cotabato City'),
(911, 'PH', 'Maguindanao', '9609', 'Ampatuan'),
(912, 'PH', 'Maguindanao', '9616', 'Buluan'),
(913, 'PH', 'Maguindanao', '9617', 'Datu Paglas'),
(914, 'PH', 'Maguindanao', '9607', 'Datu Piang'),
(915, 'PH', 'Maguindanao', '9618', 'Gen. S.K. Pendatun'),
(916, 'PH', 'Maguindanao', '9608', 'Sarip Aguak (Maganoy)'),
(917, 'PH', 'Maguindanao', '9610', 'Pagalungan'),
(918, 'PH', 'Maguindanao', '9603', 'South Upi'),
(919, 'PH', 'Maguindanao', '9611', 'Sultan sa Barongis'),
(920, 'PH', 'Maguindanao', '9612', 'Talayan'),
(921, 'PH', 'Marinduque', '4900', 'Boac'),
(922, 'PH', 'Marinduque', '4901', 'Mogpog'),
(923, 'PH', 'Marinduque', '4902', 'Santa Cruz'),
(924, 'PH', 'Marinduque', '4903', 'Torrijos'),
(925, 'PH', 'Marinduque', '4904', 'Buenavista'),
(926, 'PH', 'Marinduque', '4905', 'Gasan'),
(927, 'PH', 'Masbate', '5414', 'Aroroy'),
(928, 'PH', 'Masbate', '5413', 'Baleno'),
(929, 'PH', 'Masbate', '5412', 'Balud'),
(930, 'PH', 'Masbate', '5415', 'Batuan'),
(931, 'PH', 'Masbate', '5421', 'Buenavista'),
(932, 'PH', 'Masbate', '5405', 'Cataingan'),
(933, 'PH', 'Masbate', '5409', 'Cawayan'),
(934, 'PH', 'Masbate', '5419', 'Claveria'),
(935, 'PH', 'Masbate', '5403', 'Dimasalang'),
(936, 'PH', 'Masbate', '5407', 'Esperanza'),
(937, 'PH', 'Masbate', '5411', 'Mandaon'),
(938, 'PH', 'Masbate', '5400', 'Masbate City'),
(939, 'PH', 'Masbate', '5410', 'Milagros'),
(940, 'PH', 'Masbate', '5401', 'Mobo'),
(941, 'PH', 'Masbate', '5418', 'Monreal'),
(942, 'PH', 'Masbate', '5404', 'Palanas'),
(943, 'PH', 'Masbate', '5406', 'Pio V. Corpuz'),
(944, 'PH', 'Masbate', '5408', 'Placer'),
(945, 'PH', 'Masbate', '5416', 'San Fernando'),
(946, 'PH', 'Masbate', '5417', 'San Jacinto'),
(947, 'PH', 'Masbate', '5420', 'San Pascual'),
(948, 'PH', 'Masbate', '5402', 'Uson'),
(949, 'PH', 'Caloocan City', '1420', 'Kaybiga/Deparo'),
(950, 'PH', 'Caloocan City', '1421', 'Bagumbong/Pag-asa'),
(951, 'PH', 'Caloocan City', '1422', 'Novaliches North'),
(952, 'PH', 'Caloocan City', '1423', 'Lilles Ville Subdivision'),
(953, 'PH', 'Caloocan City', '1424', 'Captol Parkland Subdivision'),
(954, 'PH', 'Caloocan City', '1425', 'Amparo Subdivision'),
(955, 'PH', 'Caloocan City', '1426', 'Bankers Village'),
(956, 'PH', 'Caloocan City', '1427', 'Tala Leprosarium and Victory Heights'),
(957, 'PH', 'Caloocan City', '1428', 'Bagong Silang'),
(958, 'PH', 'Caloocan City', '1400', 'Caloocan City Central Post Office'),
(959, 'PH', 'Caloocan City', '1401', 'Baesa'),
(960, 'PH', 'Caloocan City', '1402', 'Santa Quiteria'),
(961, 'PH', 'Caloocan City', '1403', 'Grace Park East'),
(962, 'PH', 'Caloocan City', '1404', 'San Jose'),
(963, 'PH', 'Caloocan City', '1405', 'First Avenue to Seventh Avenue West'),
(964, 'PH', 'Caloocan City', '1406', 'Grace Park West'),
(965, 'PH', 'Caloocan City', '1407', 'University Hills'),
(966, 'PH', 'Caloocan City', '1408', 'Sangandaan'),
(967, 'PH', 'Caloocan City', '1409', 'Kaunlaran Village (shared with Malabon City and Navotas)'),
(968, 'PH', 'Caloocan City', '1410', 'Maypajo'),
(969, 'PH', 'Caloocan City', '1411', 'Fish Market (shared with Navotas)'),
(970, 'PH', 'Caloocan City', '1412', 'Isla de Cocomo'),
(971, 'PH', 'Caloocan City', '1413', 'Kapitbayahan'),
(972, 'PH', 'Las Piñas City', '1740', 'Las Piñas Central Post Office'),
(973, 'PH', 'Las Piñas City', '1741', 'Greymarville Subdivision'),
(974, 'PH', 'Las Piñas City', '1742', 'Pulang Lupa and Zapote'),
(975, 'PH', 'Las Piñas City', '1743', 'Cut-cut'),
(976, 'PH', 'Las Piñas City', '1744', 'Manuyo'),
(977, 'PH', 'Las Piñas City', '1745', 'Gatchalian Subdivision'),
(978, 'PH', 'Las Piñas City', '1746', 'Verdant Acres Subdivision'),
(979, 'PH', 'Las Piñas City', '1747', 'Moonwalk Subdivision and Talon'),
(980, 'PH', 'Las Piñas City', '1748', 'Manila Doctors Village'),
(981, 'PH', 'Las Piñas City', '1749', 'Angela Village'),
(982, 'PH', 'Las Piñas City', '1750', 'Almanza'),
(983, 'PH', 'Las Piñas City', '1751', 'T.S. Cruz Subdivision'),
(984, 'PH', 'Las Piñas City', '1752', 'Soldiers Hills Subdivision'),
(985, 'PH', 'Makati City', '1200', 'Makati Central Post Office'),
(986, 'PH', 'Makati City', '1201', 'Fort Bonifacio (now part of Taguig City)'),
(987, 'PH', 'Makati City', '1202', 'Fort Bonifacio Naval Station'),
(988, 'PH', 'Makati City', '1203', 'San Antonio Village'),
(989, 'PH', 'Makati City', '1204', 'La Paz, Singkamas, and Tejeros'),
(990, 'PH', 'Makati City', '1205', 'Santa Cruz'),
(991, 'PH', 'Makati City', '1206', 'Kasilawan'),
(992, 'PH', 'Makati City', '1207', 'Carmona and Olympia'),
(993, 'PH', 'Makati City', '1208', 'Valenzuela (includes Rizal, San Miguel, and Santiago Villages)'),
(994, 'PH', 'Makati City', '1209', 'Bel-Air'),
(995, 'PH', 'Makati City', '1210', 'Poblacion'),
(996, 'PH', 'Makati City', '1211', 'Guadalupe Viejo (includes Palm Village)'),
(997, 'PH', 'Makati City', '1212', 'Guadalupe Nuevo (includes Visayan Village)'),
(998, 'PH', 'Makati City', '1213', 'Pinagkaisahan - Pitogo'),
(999, 'PH', 'Makati City', '1214', 'Cembo'),
(1000, 'PH', 'Makati City', '1215', 'West Rembo'),
(1001, 'PH', 'Makati City', '1216', 'East Rembo and Malapad na Bato'),
(1002, 'PH', 'Makati City', '1217', 'Comembo'),
(1003, 'PH', 'Makati City', '1218', 'Pembo'),
(1004, 'PH', 'Makati City', '1219', 'Forbes Park North'),
(1005, 'PH', 'Makati City', '1220', 'Forbes Park South'),
(1006, 'PH', 'Makati City', '1221', 'Dasmariñas Village North'),
(1007, 'PH', 'Makati City', '1222', 'Dasmariñas Village South'),
(1008, 'PH', 'Makati City', '1223', 'San Lorenzo Village'),
(1009, 'PH', 'Makati City', '1224', 'Makati Commercial Center'),
(1010, 'PH', 'Makati City', '1225', 'Urdaneta Village'),
(1011, 'PH', 'Makati City', '1226', 'Ayala Avenue-Paseo de Roxas'),
(1012, 'PH', 'Makati City', '1227', 'Salcedo Village'),
(1013, 'PH', 'Makati City', '1228', 'Greenbelt'),
(1014, 'PH', 'Makati City', '1229', 'Legaspi Village'),
(1015, 'PH', 'Makati City', '1230', 'Pio del Pilar'),
(1016, 'PH', 'Makati City', '1231', 'Pasong Tamo and Ecology Village'),
(1017, 'PH', 'Makati City', '1232', 'Magallanes Village'),
(1018, 'PH', 'Makati City', '1233', 'Bangkal'),
(1019, 'PH', 'Makati City', '1234', 'San Isidro'),
(1020, 'PH', 'Makati City', '1235', 'Palanan'),
(1021, 'PH', 'Makati City', '700', 'Plain-Truth'),
(1022, 'PH', 'Makati City', '701', 'Colgate Palmolive Philippines'),
(1023, 'PH', 'Makati City', '702', 'Citibank'),
(1024, 'PH', 'Makati City', '703', 'Sarmiento Enterprises'),
(1025, 'PH', 'Makati City', '704', 'Producers Bank'),
(1026, 'PH', 'Makati City', '705', 'Union Ajinomoto'),
(1027, 'PH', 'Makati City', '706', 'Faith Embassy'),
(1028, 'PH', 'Makati City', '707', 'Canadian Embassy'),
(1029, 'PH', 'Makati City', '708', 'Philippine National Oil Company'),
(1030, 'PH', 'Makati City', '709', 'A-Z Direct Marketing'),
(1031, 'PH', 'Makati City', '710', 'American Express'),
(1032, 'PH', 'Makati City', '711', 'Land Bank of the Philippines'),
(1033, 'PH', 'Makati City', '712', 'Prudential Bank'),
(1034, 'PH', 'Makati City', '713', 'BPI Family Savings Bank'),
(1035, 'PH', 'Makati City', '714', 'Philippine Manila Mission'),
(1036, 'PH', 'Makati City', '715', 'Marcopper Mining Corporation'),
(1037, 'PH', 'Makati City', '716', 'Allied Bank'),
(1038, 'PH', 'Makati City', '717', 'Diners Club'),
(1039, 'PH', 'Makati City', '718', 'International Center for Aquatic Resources'),
(1040, 'PH', 'Makati City', '719', 'Security Bank'),
(1041, 'PH', 'Makati City', '720', 'Bank of the Philippine Islands'),
(1042, 'PH', 'Makati City', '721', 'Philippine Long Distance Telephone Company'),
(1043, 'PH', 'Makati City', '722', 'World Executive Digest'),
(1044, 'PH', 'Makati City', '723', 'Japanese Embassy'),
(1045, 'PH', 'Makati City', '724', 'Sun Life Financial'),
(1046, 'PH', 'Makati City', '725', 'Insular Life Assurance Company'),
(1047, 'PH', 'Makati City', '726', 'Equitable PCI Bank'),
(1048, 'PH', 'Makati City', '727', 'Rizal Commercial Banking Corporation'),
(1049, 'PH', 'Makati City', '728', 'United Coconut Planters Bank'),
(1050, 'PH', 'Makati City', '729', 'Not used'),
(1051, 'PH', 'Makati City', '730', 'Zuellig Pharma'),
(1052, 'PH', 'Makati City', '731', 'BCD Direct Marketing'),
(1053, 'PH', 'Makati City', '732', 'Export and Industry Bank'),
(1054, 'PH', 'Makati City', '0733-0739', 'Not used'),
(1055, 'PH', 'Makati City', '740', 'Sycip, Gorres and Velayo'),
(1056, 'PH', 'Makati City', '750', 'Philippine Airlines'),
(1057, 'PH', 'Makati City', '760', 'Pilipinas Shell (subsidiary of Royal Dutch Shell)'),
(1058, 'PH', 'Makati City', '770', 'ACCRA Law Offices'),
(1059, 'PH', 'Makati City', '780', 'Mead Johnson Philippines'),
(1060, 'PH', 'Makati City', '788', 'Directories Pilipinas Corporation'),
(1061, 'PH', 'Makati City', '790', 'Atlantic, Gulf and Pacific'),
(1062, 'PH', 'Makati City', '1250', 'Makati CPO-PO Box# 1000 to 1099'),
(1063, 'PH', 'Makati City', '1251', 'Makati CPO-PO Box# 1100 to 1199'),
(1064, 'PH', 'Makati City', '1252', 'Makati CPO-PO Box# 1200 to 1299'),
(1065, 'PH', 'Makati City', '1253', 'Makati CPO-PO Box# 1300 to 1399'),
(1066, 'PH', 'Makati City', '1254', 'Makati CPO-PO Box# 1400 to 1499'),
(1067, 'PH', 'Makati City', '1255', 'Makati CPO-PO Box# 1500 to 1599'),
(1068, 'PH', 'Makati City', '1256', 'Makati CPO-PO Box# 1600 to 1699'),
(1069, 'PH', 'Makati City', '1257', 'Makati CPO-PO Box# 1700 to 1799'),
(1070, 'PH', 'Makati City', '1258', 'Makati CPO-PO Box# 1800 to 1899'),
(1071, 'PH', 'Makati City', '1259', 'Makati CPO-PO Box# 1900 to 1999'),
(1072, 'PH', 'Makati City', '1260', 'Makati CPO-PO Box# 2000 to 2099'),
(1073, 'PH', 'Makati City', '1261', 'Makati CPO-PO Box# 2100 to 2199'),
(1074, 'PH', 'Makati City', '1262', 'Makati CPO-PO Box# 2200 to 2299'),
(1075, 'PH', 'Makati City', '1263', 'Makati CPO-PO Box# 2300 to 2399'),
(1076, 'PH', 'Makati City', '1264', 'Makati CPO-PO Box# 2400 to 2499'),
(1077, 'PH', 'Makati City', '1265', 'Makati CPO-PO Box# 2500 to 2599'),
(1078, 'PH', 'Makati City', '1266', 'Makati CPO-PO Box# 2600 to 2699'),
(1079, 'PH', 'Makati City', '1267', 'Makati CPO-PO Box# 2700 to 2799'),
(1080, 'PH', 'Makati City', '1268', 'Makati CPO-PO Box# 2800 to 2899'),
(1081, 'PH', 'Makati City', '1269', 'Makati CPO-PO Box# 2900 to 2999'),
(1082, 'PH', 'Makati City', '1270', 'Makati CPO-PO Box# 3000 to 3099'),
(1083, 'PH', 'Makati City', '1271', 'Makati CPO-PO Box# 3100 to 3199');
INSERT INTO `zipcodes` (`id`, `country`, `major_area`, `zip_code`, `city`) VALUES
(1084, 'PH', 'Makati City', '1272', 'Makati CPO-PO Box# 3200 to 3299'),
(1085, 'PH', 'Makati City', '1273', 'Makati CPO-PO Box# 3300 to 3399'),
(1086, 'PH', 'Makati City', '1274', 'Makati CPO-PO Box# 3400 to 3499'),
(1087, 'PH', 'Makati City', '1275', 'Makati CPO-PO Box# 3500 to 3599'),
(1088, 'PH', 'Makati City', '1276', 'Makati CPO-PO Box# 3600 to 3699'),
(1089, 'PH', 'Makati City', '1277', 'Makati CPO-PO Box# 3700 to 3799'),
(1090, 'PH', 'Makati City', '1278', 'Makati CPO-PO Box# 3800 to 3899'),
(1091, 'PH', 'Makati City', '1279', 'Makati CPO-PO Box# 3900 to 3999'),
(1092, 'PH', 'Makati City', '1280', 'Makati CPO-PO Box# 4000 to 4099'),
(1093, 'PH', 'Makati City', '1281', 'Makati CPO-PO Box# 4100 to 4199'),
(1094, 'PH', 'Makati City', '1282', 'Makati CPO-PO Box# 4200 to 4299'),
(1095, 'PH', 'Makati City', '1283', 'Makati CPO-PO Box# 4300 to 4399'),
(1096, 'PH', 'Makati City', '1284', 'Makati CPO-PO Box# 4400 to 4499'),
(1097, 'PH', 'Makati City', '1285', 'Makati CPO-PO Box# 4500 to 4599'),
(1098, 'PH', 'Makati City', '1286', 'Makati CPO-PO Box# 4600 to 4699'),
(1099, 'PH', 'Makati City', '1287', 'Makati CPO-PO Box# 4700 to 4799'),
(1100, 'PH', 'Makati City', '1288', 'Makati CPO-PO Box# 4800 to 4899'),
(1101, 'PH', 'Makati City', '1289', 'Makati CPO-PO Box# 4900 to 4999'),
(1102, 'PH', 'Makati City', '1290', 'Makati CPO-PO Box# 5000 to 5099'),
(1103, 'PH', 'Makati City', '1291', 'Makati CPO-PO Box# 5100 to 5199'),
(1104, 'PH', 'Makati City', '1292', 'Makati CPO-PO Box# 5200 to 5299'),
(1105, 'PH', 'Makati City', '1293', 'Makati CPO-PO Box# 5300 to 5399'),
(1106, 'PH', 'Makati City', '1294', 'Makati CPO-PO Box# 5400 to 5499'),
(1107, 'PH', 'Makati City', '1295', 'Makati CPO-PO Box# 5500 to 5599'),
(1108, 'PH', 'Makati City', '1296', 'Makati CPO-PO Box# 5600 to 5699'),
(1109, 'PH', 'Makati City', '1297', 'Makati CPO-PO Box# 5700 to 5799'),
(1110, 'PH', 'Makati City', '1298', 'Makati CPO-PO Box# 5800 to 5899'),
(1111, 'PH', 'Makati City', '1299', 'Makati CPO-PO Box# 5900 to 5999'),
(1112, 'PH', 'Malabon City', '1409', 'Kaunlaran Village (shared with Caloocan City and Navotas)'),
(1113, 'PH', 'Malabon City', '1470', 'Malabon'),
(1114, 'PH', 'Malabon City', '1471', 'Flores'),
(1115, 'PH', 'Malabon City', '1472', 'Longos'),
(1116, 'PH', 'Malabon City', '1473', 'Tonsuya'),
(1117, 'PH', 'Malabon City', '1474', 'Acacia'),
(1118, 'PH', 'Malabon City', '1475', 'Potrero'),
(1119, 'PH', 'Malabon City', '1476', 'Araneta Subdivision'),
(1120, 'PH', 'Malabon City', '1477', 'Maysilo'),
(1121, 'PH', 'Malabon City', '1478', 'Santolan'),
(1122, 'PH', 'Malabon City', '1479', 'Muzon'),
(1123, 'PH', 'Malabon City', '1480', 'Dampalit'),
(1124, 'PH', 'Malabon City', '1470', 'Tinajeros'),
(1125, 'PH', 'Mandaluyong City', '1550', 'Mandaluyong Central Post Office'),
(1126, 'PH', 'Mandaluyong City', '1551', 'Vergara'),
(1127, 'PH', 'Mandaluyong City', '1552', 'Shaw Boulevard'),
(1128, 'PH', 'Mandaluyong City', '1553', 'National Center for Mental Health'),
(1129, 'PH', 'Mandaluyong City', '1554', 'East EDSA'),
(1130, 'PH', 'Mandaluyong City', '1555', 'Wack Wack'),
(1131, 'PH', 'Mandaluyong City', '1556', 'Greenhills South'),
(1132, 'PH', 'Manila', '1000', 'Manila Central Post Office'),
(1133, 'PH', 'Manila', '1001', 'Quiapo'),
(1134, 'PH', 'Manila', '1002', 'Intramuros'),
(1135, 'PH', 'Manila', '1003', 'Santa Cruz South'),
(1136, 'PH', 'Manila', '1004', 'Malate'),
(1137, 'PH', 'Manila', '1005', 'San Miguel'),
(1138, 'PH', 'Manila', '1006', 'Binondo'),
(1139, 'PH', 'Manila', '1007', 'Paco'),
(1140, 'PH', 'Manila', '1008', 'Sampaloc East'),
(1141, 'PH', 'Manila', '1009', 'Santa Ana'),
(1142, 'PH', 'Manila', '1010', 'San Nicolas'),
(1143, 'PH', 'Manila', '1011', 'Pandacan'),
(1144, 'PH', 'Manila', '1012', 'Tondo South'),
(1145, 'PH', 'Manila', '1013', 'Tondo North'),
(1146, 'PH', 'Manila', '1014', 'Santa Cruz North'),
(1147, 'PH', 'Manila', '1015', 'Sampaloc West'),
(1148, 'PH', 'Manila', '1016', 'Santa Mesa'),
(1149, 'PH', 'Manila', '1017', 'San Andres'),
(1150, 'PH', 'Manila', '1018', 'Port Area South'),
(1151, 'PH', 'Manila', '900', 'Manila Bulletin'),
(1152, 'PH', 'Manila', '901', 'Adventist University of the Philippines'),
(1153, 'PH', 'Manila', '902', 'Far East Broadcasting Corporation'),
(1154, 'PH', 'Manila', '903', 'Manila Hilton'),
(1155, 'PH', 'Manila', '904', 'Midland Hotel'),
(1156, 'PH', 'Manila', '905', 'The Philippine Star'),
(1157, 'PH', 'Manila', '906', 'Manila Medical Center'),
(1158, 'PH', 'Manila', '907', 'San Miguel Corporation'),
(1159, 'PH', 'Manila', '908', 'Pan-Filipino Shipping'),
(1160, 'PH', 'Manila', '909', 'Summer Institute of Linguistics'),
(1161, 'PH', 'Manila', '910', 'Department of Labor and Employment'),
(1162, 'PH', 'Manila', '911', 'National Statistics Office'),
(1163, 'PH', 'Manila', '912', 'Bureau of Plant Industry'),
(1164, 'PH', 'Manila', '913', 'Manila Hotel'),
(1165, 'PH', 'Manila', '914', 'Philippine Refining Company and Unilever Philippines'),
(1166, 'PH', 'Manila', '915', 'International Correspondence Institute'),
(1167, 'PH', 'Manila', '916', 'Radio Veritas'),
(1168, 'PH', 'Manila', '917', 'Ateneo de Manila University'),
(1169, 'PH', 'Manila', '918', 'Fil-Japan Shipping Company'),
(1170, 'PH', 'Manila', '919', 'Manila Police District'),
(1171, 'PH', 'Manila', '920', 'Sunbursts Publications'),
(1172, 'PH', 'Manila', '921', 'Philippine Plaza Hotel'),
(1173, 'PH', 'Manila', '922', 'De La Salle University'),
(1174, 'PH', 'Manila', '923', 'Don Stewart Evangelistic Association'),
(1175, 'PH', 'Manila', '924', 'World Map'),
(1176, 'PH', 'Manila', '925', 'Chinabank'),
(1177, 'PH', 'Manila', '926', 'Caltex Philippines'),
(1178, 'PH', 'Manila', '927', 'Philippine Veterans Affairs Office'),
(1179, 'PH', 'Manila', '928', 'Philippine Campus Crusade'),
(1180, 'PH', 'Manila', '929', 'Not used'),
(1181, 'PH', 'Manila', '930', 'United States Embassy'),
(1182, 'PH', 'Manila', '940', 'Philippine National Bank'),
(1183, 'PH', 'Manila', '950', 'Manila Midtown Hotel'),
(1184, 'PH', 'Manila', '960', 'International Rice Research Institute'),
(1185, 'PH', 'Manila', '970', 'Department of Justice'),
(1186, 'PH', 'Manila', '980', 'Asian Development Bank'),
(1187, 'PH', 'Manila', '990', 'Philamlife'),
(1188, 'PH', 'Manila', '1035', 'Santa Mesa P.O. Box'),
(1189, 'PH', 'Manila', '1040', 'Santa Cruz P.O. Box'),
(1190, 'PH', 'Manila', '1045', 'Ermita P.O. Box'),
(1191, 'PH', 'Manila', '1050', 'Manila CPO-PO Box# 1000 to 1099'),
(1192, 'PH', 'Manila', '1051', 'Manila CPO-PO Box# 1100 to 1199'),
(1193, 'PH', 'Manila', '1052', 'Manila CPO-PO Box# 1200 to 1299'),
(1194, 'PH', 'Manila', '1053', 'Manila CPO-PO Box# 1300 to 1399'),
(1195, 'PH', 'Manila', '1054', 'Manila CPO-PO Box# 1400 to 1499'),
(1196, 'PH', 'Manila', '1055', 'Manila CPO-PO Box# 1500 to 1599'),
(1197, 'PH', 'Manila', '1056', 'Manila CPO-PO Box# 1600 to 1699'),
(1198, 'PH', 'Manila', '1057', 'Manila CPO-PO Box# 1700 to 1799'),
(1199, 'PH', 'Manila', '1058', 'Manila CPO-PO Box# 1800 to 1899'),
(1200, 'PH', 'Manila', '1059', 'Manila CPO-PO Box# 1900 to 1999'),
(1201, 'PH', 'Manila', '1060', 'Manila CPO-PO Box# 2000 to 2099'),
(1202, 'PH', 'Manila', '1061', 'Manila CPO-PO Box# 2100 to 2199'),
(1203, 'PH', 'Manila', '1062', 'Manila CPO-PO Box# 2200 to 2299'),
(1204, 'PH', 'Manila', '1063', 'Manila CPO-PO Box# 2300 to 2399'),
(1205, 'PH', 'Manila', '1064', 'Manila CPO-PO Box# 2400 to 2499'),
(1206, 'PH', 'Manila', '1065', 'Manila CPO-PO Box# 2500 to 2599'),
(1207, 'PH', 'Manila', '1066', 'Manila CPO-PO Box# 2600 to 2699'),
(1208, 'PH', 'Manila', '1067', 'Manila CPO-PO Box# 2700 to 2799'),
(1209, 'PH', 'Manila', '1068', 'Manila CPO-PO Box# 2800 to 2899'),
(1210, 'PH', 'Manila', '1069', 'Manila CPO-PO Box# 2900 to 2999'),
(1211, 'PH', 'Manila', '1070', 'Manila CPO-PO Box# 3000 to 3099'),
(1212, 'PH', 'Manila', '1071', 'Manila CPO-PO Box# 3100 to 3199'),
(1213, 'PH', 'Manila', '1072', 'Manila CPO-PO Box# 3200 to 3299'),
(1214, 'PH', 'Manila', '1073', 'Manila CPO-PO Box# 3300 to 3399'),
(1215, 'PH', 'Manila', '1074', 'Manila CPO-PO Box# 3400 to 3499'),
(1216, 'PH', 'Manila', '1075', 'Manila CPO-PO Box# 3500 to 3599'),
(1217, 'PH', 'Manila', '1076', 'Manila CPO-PO Box# 3600 to 3699'),
(1218, 'PH', 'Manila', '1077', 'Manila CPO-PO Box# 3700 to 3799'),
(1219, 'PH', 'Manila', '1078', 'Manila CPO-PO Box# 3800 to 3899'),
(1220, 'PH', 'Manila', '1079', 'Manila CPO-PO Box# 3900 to 3999'),
(1221, 'PH', 'Manila', '1080', 'Manila CPO-PO Box# 4000 to 4099'),
(1222, 'PH', 'Manila', '1081', 'Manila CPO-PO Box# 4100 to 4199'),
(1223, 'PH', 'Manila', '1082', 'Manila CPO-PO Box# 4200 to 4299'),
(1224, 'PH', 'Manila', '1083', 'Manila CPO-PO Box# 4300 to 4399'),
(1225, 'PH', 'Manila', '1084', 'Manila CPO-PO Box# 4400 to 4499'),
(1226, 'PH', 'Manila', '1085', 'Manila CPO-PO Box# 4500 to 4599'),
(1227, 'PH', 'Manila', '1086', 'Manila CPO-PO Box# 4600 to 4699'),
(1228, 'PH', 'Manila', '1087', 'Manila CPO-PO Box# 4700 to 4799'),
(1229, 'PH', 'Manila', '1088', 'Manila CPO-PO Box# 4800 to 4899'),
(1230, 'PH', 'Manila', '1089', 'Manila CPO-PO Box# 4900 to 4999'),
(1231, 'PH', 'Manila', '1090', 'Manila CPO-PO Box# 5000 to 5099'),
(1232, 'PH', 'Manila', '1091', 'Manila CPO-PO Box# 5100 to 5199'),
(1233, 'PH', 'Manila', '1092', 'Manila CPO-PO Box# 5200 to 5299'),
(1234, 'PH', 'Manila', '1093', 'Manila CPO-PO Box# 5300 to 5399'),
(1235, 'PH', 'Manila', '1094', 'Manila CPO-PO Box# 5400 to 5499'),
(1236, 'PH', 'Manila', '1095', 'Manila CPO-PO Box# 5500 to 5599'),
(1237, 'PH', 'Manila', '1096', 'Manila CPO-PO Box# 5600 to 5699'),
(1238, 'PH', 'Marikina City', '1800', 'Marikina Central Post Office'),
(1239, 'PH', 'Marikina City', '1801', 'San Roque-Calumpang'),
(1240, 'PH', 'Marikina City', '1802', 'Industrial Valley'),
(1241, 'PH', 'Marikina City', '1803', 'Barangka and Tañong'),
(1242, 'PH', 'Marikina City', '1804', 'J. De La Peña'),
(1243, 'PH', 'Marikina City', '1805', 'Malanday'),
(1244, 'PH', 'Marikina City', '1806', 'Northern and Western Marikina River'),
(1245, 'PH', 'Marikina City', '1807', 'Concepcion tarlac'),
(1246, 'PH', 'Marikina City', '1808', 'Nangka'),
(1247, 'PH', 'Marikina City', '1809', 'Parang'),
(1248, 'PH', 'Marikina City', '1810', 'Marikina Heights'),
(1249, 'PH', 'Marikina City', '1811', 'Concepcion 2'),
(1250, 'PH', 'Marikina City', '1812-1819', 'Not used'),
(1251, 'PH', 'Marikina City', '1820', 'Bagong Nayon, Cupang, Mambagat, and Mayamot'),
(1252, 'PH', 'Muntinlupa City', '1770', 'Muntinlupa Central Post Office'),
(1253, 'PH', 'Muntinlupa City', '1771', 'Buli/Cupang'),
(1254, 'PH', 'Muntinlupa City', '1772', 'Bayanan/Putatan'),
(1255, 'PH', 'Muntinlupa City', '1772', 'Soldiers'' Hills'),
(1256, 'PH', 'Muntinlupa City', '1773', 'Tunasan'),
(1257, 'PH', 'Muntinlupa City', '1774', 'Susana Heights'),
(1258, 'PH', 'Muntinlupa City', '1775', 'Pearl Heights'),
(1259, 'PH', 'Muntinlupa City', '1776', 'Poblacion'),
(1260, 'PH', 'Muntinlupa City', '1777', 'Pleasant Village'),
(1261, 'PH', 'Muntinlupa City', '1780', 'Ayala Alabang Subdivision'),
(1262, 'PH', 'Muntinlupa City', '1799', 'Ayala Alabang P.O. Boxes'),
(1263, 'PH', 'Navotas City', '1411', 'Fish Market'),
(1264, 'PH', 'Navotas City', '1412', 'Isla de Cocomo'),
(1265, 'PH', 'Navotas City', '1413', 'Kapitbahayan [East]'),
(1266, 'PH', 'Navotas City', '1409', 'Kaunlaran Village'),
(1267, 'PH', 'Navotas City', '1485', 'Navotas'),
(1268, 'PH', 'Navotas City', '1489', 'Tangos'),
(1269, 'PH', 'Navotas City', '1490', 'Tanza'),
(1270, 'PH', 'Parañaque City', '1714', 'Aeropark Subdivision'),
(1271, 'PH', 'Parañaque City', '1702', 'Baclaran'),
(1272, 'PH', 'Parañaque City', '1711', 'Better Living Subdivision'),
(1273, 'PH', 'Parañaque City', '1720', 'BF Homes 1'),
(1274, 'PH', 'Parañaque City', '1718', 'BF Homes 2'),
(1275, 'PH', 'Parañaque City', '1375', 'Domestic Airport P.O. - P.O. Box Nos. 1000 to 1099'),
(1276, 'PH', 'Parañaque City', '1376', 'Domestic Airport P.O. - P.O. Box Nos. 1100 to 1199'),
(1277, 'PH', 'Parañaque City', '1377', 'Domestic Airport P.O. - P.O. Box Nos. 1200 to 1299'),
(1278, 'PH', 'Parañaque City', '1378', 'Domestic Airport P.O. - P.O. Box Nos. 1300 to 1399'),
(1279, 'PH', 'Parañaque City', '1379', 'Domestic Airport P.O. - P.O. Box Nos. 1400 to 1499'),
(1280, 'PH', 'Parañaque City', '1380', 'Domestic Airport P.O. - P.O. Box Nos. 1500 to 1599'),
(1281, 'PH', 'Parañaque City', '1381', 'Domestic Airport P.O. - P.O. Box Nos. 1600 to 1699'),
(1282, 'PH', 'Parañaque City', '1710', 'Executive Heights Subdivision'),
(1283, 'PH', 'Parañaque City', '1719', 'Ireneville Subdivision I & III'),
(1284, 'PH', 'Parañaque City', '1714', 'Ireneville Subdivision II'),
(1285, 'PH', 'Parañaque City', '1717', 'Manila Memorial Park'),
(1286, 'PH', 'Parañaque City', '1703', 'Marina Subdivision (Reclamation)'),
(1287, 'PH', 'Parañaque City', '1719', 'Maywood Village I'),
(1288, 'PH', 'Parañaque City', '1716', 'Maywood Village II'),
(1289, 'PH', 'Parañaque City', '1712', 'Miramar Subdivision'),
(1290, 'PH', 'Parañaque City', '1708', 'Multinational Village'),
(1291, 'PH', 'Parañaque City', '1705', 'Ninoy Aquino International Airport'),
(1292, 'PH', 'Parañaque City', '1700', 'Parañaque CPO'),
(1293, 'PH', 'Parañaque City', '1706', 'Pulo'),
(1294, 'PH', 'Parañaque City', '1715', 'San Antonio Valley 1'),
(1295, 'PH', 'Parañaque City', '1707', 'San Antonio Valley 11 & 12'),
(1296, 'PH', 'Parañaque City', '1704', 'Santo Niño'),
(1297, 'PH', 'Parañaque City', '1709', 'South Admiral Village, Merville Park & Moonwalk Subdivision'),
(1298, 'PH', 'Parañaque City', '1701', 'Tambo'),
(1299, 'PH', 'Parañaque City', '1713', 'United Parañaque Subdivision'),
(1300, 'PH', 'Pasay City', '1300', 'Pasay City Central Post Office'),
(1301, 'PH', 'Pasay City', '1301', 'Domestic Airport P.O.'),
(1302, 'PH', 'Pasay City', '1302', 'San Rafael'),
(1303, 'PH', 'Pasay City', '1303', 'San Roque'),
(1304, 'PH', 'Pasay City', '1304', 'Santa Clara'),
(1305, 'PH', 'Pasay City', '1305', 'San Jose'),
(1306, 'PH', 'Pasay City', '1306', 'San Isidro'),
(1307, 'PH', 'Pasay City', '1307', 'Philippine International Convention Center'),
(1308, 'PH', 'Pasay City', '1308', 'Bay City'),
(1309, 'PH', 'Pasay City', '1309', 'Villamor Airbase'),
(1310, 'PH', 'Pasay City', '1350', 'Pasay City CPO - P.O. Box Nos. 1000 to 1099'),
(1311, 'PH', 'Pasay City', '1351', 'Pasay City CPO - P.O. Box Nos. 1100 to 1199'),
(1312, 'PH', 'Pasay City', '1352', 'Pasay City CPO - P.O. Box Nos. 1200 to 1299'),
(1313, 'PH', 'Pasay City', '1353', 'Pasay City CPO - P.O. Box Nos. 1300 to 1399'),
(1314, 'PH', 'Pasay City', '1354', 'Pasay City CPO - P.O. Box Nos. 1400 to 1499'),
(1315, 'PH', 'Pasig City', '1600', 'Pasig Central Post Office'),
(1316, 'PH', 'Pasig City', '1601', 'San Joaquin'),
(1317, 'PH', 'Pasig City', '1602', 'Pinagbuhatan'),
(1318, 'PH', 'Pasig City', '1603', 'Kapitolyo'),
(1319, 'PH', 'Pasig City', '1604', 'Ugong'),
(1320, 'PH', 'Pasig City', '1605', 'Ortigas Post Office'),
(1321, 'PH', 'Pasig City', '1606', 'Caniogan'),
(1322, 'PH', 'Pasig City', '1607', 'Maybunga'),
(1323, 'PH', 'Pasig City', '1608', 'Santa Lucia'),
(1324, 'PH', 'Pasig City', '1609', 'Rosario'),
(1325, 'PH', 'Pasig City', '1610', 'Santolan'),
(1326, 'PH', 'Pasig City', '1611', 'Manggahan'),
(1327, 'PH', 'Pasig City', '1612', 'Green Park'),
(1328, 'PH', 'Pasig City', '1650', 'Pasig Ortigas CTR-PO Box# 1000 to 1099'),
(1329, 'PH', 'Pasig City', '1651', 'Pasig Ortigas CTR-PO Box# 1100 to 1199'),
(1330, 'PH', 'Pasig City', '1652', 'Pasig Ortigas CTR-PO Box# 1200 to 1299'),
(1331, 'PH', 'Pasig City', '1653', 'Pasig Ortigas CTR-PO Box# 1300 to 1399'),
(1332, 'PH', 'Pasig City', '1654', 'Pasig Ortigas CTR-PO Box# 1400 to 1499'),
(1333, 'PH', 'Pasig City', '1655', 'Pasig Ortigas CTR-PO Box# 1500 to 1599'),
(1334, 'PH', 'Pasig City', '1656', 'Pasig Ortigas CTR-PO Box# 1600 to 1699'),
(1335, 'PH', 'Pasig City', '1657', 'Pasig Ortigas CTR-PO Box# 1700 to 1799'),
(1336, 'PH', 'Pasig City', '1658', 'Pasig Ortigas CTR-PO Box# 1800 to 1899'),
(1337, 'PH', 'Pasig City', '1659', 'Pasig Ortigas CTR-PO Box# 1900 to 1999'),
(1338, 'PH', 'Pasig City', '1660', 'Pasig Ortigas CTR-PO Box# 2000 to 2099'),
(1339, 'PH', 'Pasig City', '1661', 'Pasig Ortigas CTR-PO Box# 2100 to 2199'),
(1340, 'PH', 'Pasig City', '1662', 'Pasig Ortigas CTR-PO Box# 2200 to 2299'),
(1341, 'PH', 'Pasig City', '1663', 'Pasig Ortigas CTR-PO Box# 2300 to 2399'),
(1342, 'PH', 'Pasig City', '1664', 'Pasig Ortigas CTR-PO Box# 2400 to 2499'),
(1343, 'PH', 'Pasig City', '1665', 'Pasig Ortigas CTR-PO Box# 2500 to 2599'),
(1344, 'PH', 'Pasig City', '1666', 'Pasig Ortigas CTR-PO Box# 2600 to 2699'),
(1345, 'PH', 'Pasig City', '1667', 'Pasig Ortigas CTR-PO Box# 2700 to 2799'),
(1346, 'PH', 'Pasig City', '1668', 'Pasig Ortigas CTR-PO Box# 2800 to 2899'),
(1347, 'PH', 'Pasig City', '1669', 'Pasig Ortigas CTR-PO Box# 2900 to 2999'),
(1348, 'PH', 'Pasig City', '1670', 'Pasig Ortigas CTR-PO Box# 3000 to 3099'),
(1349, 'PH', 'Pasig City', '1671', 'Pasig Ortigas CTR-PO Box# 3100 to 3199'),
(1350, 'PH', 'Pasig City', '1672', 'Pasig Ortigas CTR-PO Box# 3200 to 3299'),
(1351, 'PH', 'Pasig City', '1673', 'Pasig Ortigas CTR-PO Box# 3300 to 3399'),
(1352, 'PH', 'Pasig City', '1674', 'Pasig Ortigas CTR-PO Box# 3400 to 3499'),
(1353, 'PH', 'Pasig City', '1675', 'Pasig Ortigas CTR-PO Box# 3500 to 3599'),
(1354, 'PH', 'Pasig City', '1676', 'Pasig Ortigas CTR-PO Box# 3600 to 3699'),
(1355, 'PH', 'Pasig City', '1677', 'Pasig Ortigas CTR-PO Box# 3700 to 3799'),
(1356, 'PH', 'Pasig City', '1678', 'Pasig Ortigas CTR-PO Box# 3800 to 3899'),
(1357, 'PH', 'Pasig City', '1679', 'Pasig Ortigas CTR-PO Box# 3900 to 3999'),
(1358, 'PH', 'Pasig City', '1680', 'Pasig Ortigas CTR-PO Box# 4000 to 4099'),
(1359, 'PH', 'Pasig City', '1681', 'Pasig Ortigas CTR-PO Box# 4100 to 4199'),
(1360, 'PH', 'Pasig City', '1682', 'Pasig Ortigas CTR-PO Box# 4200 to 4299'),
(1361, 'PH', 'Pasig City', '1683', 'Pasig Ortigas CTR-PO Box# 4300 to 4399'),
(1362, 'PH', 'Pasig City', '1684', 'Pasig Ortigas CTR-PO Box# 4400 to 4499'),
(1363, 'PH', 'Pasig City', '1685', 'Pasig Ortigas CTR-PO Box# 4500 to 4599'),
(1364, 'PH', 'Pasig City', '1686', 'Pasig Ortigas CTR-PO Box# 4600 to 4699'),
(1365, 'PH', 'Pasig City', '1687', 'Pasig Ortigas CTR-PO Box# 4700 to 4799'),
(1366, 'PH', 'Pasig City', '1688', 'Pasig Ortigas CTR-PO Box# 4800 to 4899'),
(1367, 'PH', 'Pasig City', '1689', 'Pasig Ortigas CTR-PO Box# 4900 to 4999'),
(1368, 'PH', 'Pasig City', '1690', 'Pasig Ortigas CTR-PO Box# 5000 to 5099'),
(1369, 'PH', 'Pasig City', '1691', 'Pasig Ortigas CTR-PO Box# 5100 to 5199'),
(1370, 'PH', 'Pasig City', '1692', 'Pasig Ortigas CTR-PO Box# 5200 to 5299'),
(1371, 'PH', 'Pasig City', '1693', 'Pasig Ortigas CTR-PO Box# 5300 to 5399'),
(1372, 'PH', 'Pasig City', '1694', 'Pasig Ortigas CTR-PO Box# 5400 to 5499'),
(1373, 'PH', 'Pasig City', '1695', 'Pasig Ortigas CTR-PO Box# 5500 to 5599'),
(1374, 'PH', 'Pasig City', '1696', 'Pasig Ortigas CTR-PO Box# 5600 to 5699'),
(1375, 'PH', 'Pasig City', '1697', 'Pasig Ortigas CTR-PO Box# 5700 to 5799'),
(1376, 'PH', 'Pasig City', '1698', 'Pasig Ortigas CTR-PO Box# 5800 to 5899'),
(1377, 'PH', 'Pasig City', '1699', 'Pasig Ortigas CTR-PO Box# 5900 to 5999'),
(1378, 'PH', 'Pateros', '1620', 'Aguho'),
(1379, 'PH', 'Pateros', '1621', 'Santa Ana'),
(1380, 'PH', 'Quezon City', '1105', 'Alicia'),
(1381, 'PH', 'Quezon City', '1102', 'Amihan'),
(1382, 'PH', 'Quezon City', '1106', 'Apolonio Samson'),
(1383, 'PH', 'Quezon City', '810', 'Araneta Center'),
(1384, 'PH', 'Quezon City', '1135', 'Araneta Center P.O. Boxes'),
(1385, 'PH', 'Quezon City', '1106', 'Baesa'),
(1386, 'PH', 'Quezon City', '1116', 'Bagbag'),
(1387, 'PH', 'Quezon City', '1110', 'Bagong Bayan'),
(1388, 'PH', 'Quezon City', '1109', 'Bagong Buhay'),
(1389, 'PH', 'Quezon City', '1111', 'Bagong Lipunan'),
(1390, 'PH', 'Quezon City', '1105', 'Bagong Pag-Asa'),
(1391, 'PH', 'Quezon City', '1119', 'Bagong Silangan'),
(1392, 'PH', 'Quezon City', '1106', 'Bahay Toro'),
(1393, 'PH', 'Quezon City', '1115', 'Balingasa'),
(1394, 'PH', 'Quezon City', '1106', 'Balintawak'),
(1395, 'PH', 'Quezon City', '1106', 'Balumbato'),
(1396, 'PH', 'Quezon City', '1126', 'Batasan Hills'),
(1397, 'PH', 'Quezon City', '1109', 'Bayanihan'),
(1398, 'PH', 'Quezon City', '1120', 'BF Homes'),
(1399, 'PH', 'Quezon City', '1109', 'Blue Ridge'),
(1400, 'PH', 'Quezon City', '1101', 'Botocan'),
(1401, 'PH', 'Quezon City', '1141', 'Broadway Center P.O. Boxes'),
(1402, 'PH', 'Quezon City', '1105', 'Bungad'),
(1403, 'PH', 'Quezon City', '820', 'Bureau of Internal Revenue'),
(1404, 'PH', 'Quezon City', '1110', 'Camp Aguinaldo'),
(1405, 'PH', 'Quezon City', '802', 'Camp Aguinaldo'),
(1406, 'PH', 'Quezon City', '801', 'Camp Crame'),
(1407, 'PH', 'Quezon City', '1126', 'Capitol Hills/Park'),
(1408, 'PH', 'Quezon City', '1117', 'Capri'),
(1409, 'PH', 'Quezon City', '1100', 'Central'),
(1410, 'PH', 'Quezon City', '1102', 'Claro'),
(1411, 'PH', 'Quezon City', '880', 'Commission on Audit'),
(1412, 'PH', 'Quezon City', '1121', 'Commonwealth'),
(1413, 'PH', 'Quezon City', '1111', 'Crame'),
(1414, 'PH', 'Quezon City', '1109', 'Cubao'),
(1415, 'PH', 'Quezon City', '1128', 'Culiat'),
(1416, 'PH', 'Quezon City', '1115', 'Damar'),
(1417, 'PH', 'Quezon City', '1104', 'Damayan'),
(1418, 'PH', 'Quezon City', '1112', 'Damayan Lagi'),
(1419, 'PH', 'Quezon City', '1123', 'Damong Maliit'),
(1420, 'PH', 'Quezon City', '1105', 'Del Monte'),
(1421, 'PH', 'Quezon City', '1104', 'Diliman'),
(1422, 'PH', 'Quezon City', '1109', 'Dioquino Zobel'),
(1423, 'PH', 'Quezon City', '1113', 'Don Manuel'),
(1424, 'PH', 'Quezon City', '1113', 'Doña Aurora'),
(1425, 'PH', 'Quezon City', '1125', 'Doña Faustina Subdivision'),
(1426, 'PH', 'Quezon City', '1113', 'Doña Imelda'),
(1427, 'PH', 'Quezon City', '1113', 'Doña Josefa'),
(1428, 'PH', 'Quezon City', '1102', 'Duyan-Duyan'),
(1429, 'PH', 'Quezon City', '1102', 'E. Rodriguez'),
(1430, 'PH', 'Quezon City', '1109', 'Escopa'),
(1431, 'PH', 'Quezon City', '1118', 'Fairview'),
(1432, 'PH', 'Quezon City', '1121', 'Fairview [North]'),
(1433, 'PH', 'Quezon City', '1122', 'Fairview [South]'),
(1434, 'PH', 'Quezon City', '1114', 'Gintong Silahis'),
(1435, 'PH', 'Quezon City', '1117', 'Gulod'),
(1436, 'PH', 'Quezon City', '1127', 'Holy Spirit'),
(1437, 'PH', 'Quezon City', '1112', 'Horseshoe'),
(1438, 'PH', 'Quezon City', '1111', 'Immaculate Concepcion'),
(1439, 'PH', 'Quezon City', '1124', 'Kaligayahan'),
(1440, 'PH', 'Quezon City', '1112', 'Kalusugan'),
(1441, 'PH', 'Quezon City', '1102', 'Kamias'),
(1442, 'PH', 'Quezon City', '1103', 'Kamuning'),
(1443, 'PH', 'Quezon City', '1105', 'Katipunan'),
(1444, 'PH', 'Quezon City', '1111', 'Kaunlaran'),
(1445, 'PH', 'Quezon City', '1112', 'Kristong Hari'),
(1446, 'PH', 'Quezon City', '1101', 'Krus na Ligas'),
(1447, 'PH', 'Quezon City', '1114', 'La Loma'),
(1448, 'PH', 'Quezon City', '1103', 'Laging Handa'),
(1449, 'PH', 'Quezon City', '1110', 'Libis'),
(1450, 'PH', 'Quezon City', '1114', 'Lourdes'),
(1451, 'PH', 'Quezon City', '1108', 'Loyola Heights'),
(1452, 'PH', 'Quezon City', '1114', 'Maharlika'),
(1453, 'PH', 'Quezon City', '1101', 'Malaya'),
(1454, 'PH', 'Quezon City', '1109', 'Mangga'),
(1455, 'PH', 'Quezon City', '1115', 'Manresa'),
(1456, 'PH', 'Quezon City', '1112', 'Mariana'),
(1457, 'PH', 'Quezon City', '1104', 'Mariblo'),
(1458, 'PH', 'Quezon City', '1109', 'Marilag'),
(1459, 'PH', 'Quezon City', '1109', 'Masagana'),
(1460, 'PH', 'Quezon City', '1115', 'Masambong'),
(1461, 'PH', 'Quezon City', '1114', 'Matalahib'),
(1462, 'PH', 'Quezon City', '1119', 'Matandang Balara'),
(1463, 'PH', 'Quezon City', '1109', 'Milagrosa'),
(1464, 'PH', 'Quezon City', '1138', 'Murphy District P.O. Boxes'),
(1465, 'PH', 'Quezon City', '1125', 'Nagkaisang Nayon'),
(1466, 'PH', 'Quezon City', '830', 'National Irrigation Administration'),
(1467, 'PH', 'Quezon City', '1104', 'Nayon Kaunlaran'),
(1468, 'PH', 'Quezon City', '1107', 'New Era'),
(1469, 'PH', 'Quezon City', '1147', 'Novaliches P.O. Boxes'),
(1470, 'PH', 'Quezon City', '1123', 'Novaliches Proper'),
(1471, 'PH', 'Quezon City', '1103', 'Obrero'),
(1472, 'PH', 'Quezon City', '1101', 'Old Capitol Site'),
(1473, 'PH', 'Quezon City', '1114', 'Paang Bundok'),
(1474, 'PH', 'Quezon City', '1115', 'Pag-Ibig sa Nayon'),
(1475, 'PH', 'Quezon City', '1103', 'Paligsahan'),
(1476, 'PH', 'Quezon City', '1105', 'Paltok'),
(1477, 'PH', 'Quezon City', '1108', 'Pansol'),
(1478, 'PH', 'Quezon City', '1104', 'Paraiso'),
(1479, 'PH', 'Quezon City', '1118', 'Pasong Putik'),
(1480, 'PH', 'Quezon City', '1107', 'Pasong Tamo'),
(1481, 'PH', 'Quezon City', '1119', 'Payatas'),
(1482, 'PH', 'Quezon City', '1104', 'Phil-Am'),
(1483, 'PH', 'Quezon City', '850', 'Philippine Heart Center'),
(1484, 'PH', 'Quezon City', '1111', 'Pinagkaisahan'),
(1485, 'PH', 'Quezon City', '1100', 'Piñahan'),
(1486, 'PH', 'Quezon City', '1109', 'Project 4'),
(1487, 'PH', 'Quezon City', '1100', 'Project 6'),
(1488, 'PH', 'Quezon City', '1105', 'Project 7'),
(1489, 'PH', 'Quezon City', '1106', 'Project 8'),
(1490, 'PH', 'Quezon City', '1100', 'Quezon City CPO'),
(1491, 'PH', 'Quezon City', '1150', 'Quezon City CPO - P.O. Box Nos. 1000 to 1099'),
(1492, 'PH', 'Quezon City', '1151', 'Quezon City CPO - P.O. Box Nos. 1100 to 1199'),
(1493, 'PH', 'Quezon City', '1152', 'Quezon City CPO - P.O. Box Nos. 1200 to 1299'),
(1494, 'PH', 'Quezon City', '1153', 'Quezon City CPO - P.O. Box Nos. 1300 to 1399'),
(1495, 'PH', 'Quezon City', '1154', 'Quezon City CPO - P.O. Box Nos. 1400 to 1499'),
(1496, 'PH', 'Quezon City', '1155', 'Quezon City CPO - P.O. Box Nos. 1500 to 1599'),
(1497, 'PH', 'Quezon City', '1156', 'Quezon City CPO - P.O. Box Nos. 1600 to 1699'),
(1498, 'PH', 'Quezon City', '1157', 'Quezon City CPO - P.O. Box Nos. 1700 to 1799'),
(1499, 'PH', 'Quezon City', '1158', 'Quezon City CPO - P.O. Box Nos. 1800 to 1899'),
(1500, 'PH', 'Quezon City', '1159', 'Quezon City CPO - P.O. Box Nos. 1900 to 1999'),
(1501, 'PH', 'Quezon City', '1160', 'Quezon City CPO - P.O. Box Nos. 2000 to 2099'),
(1502, 'PH', 'Quezon City', '1161', 'Quezon City CPO - P.O. Box Nos. 2100 to 2199'),
(1503, 'PH', 'Quezon City', '1162', 'Quezon City CPO - P.O. Box Nos. 2200 to 2299'),
(1504, 'PH', 'Quezon City', '1163', 'Quezon City CPO - P.O. Box Nos. 2300 to 2399'),
(1505, 'PH', 'Quezon City', '1164', 'Quezon City CPO - P.O. Box Nos. 2400 to 2499'),
(1506, 'PH', 'Quezon City', '1165', 'Quezon City CPO - P.O. Box Nos. 2500 to 2599'),
(1507, 'PH', 'Quezon City', '1166', 'Quezon City CPO - P.O. Box Nos. 2600 to 2699'),
(1508, 'PH', 'Quezon City', '1167', 'Quezon City CPO - P.O. Box Nos. 2700 to 2799'),
(1509, 'PH', 'Quezon City', '1168', 'Quezon City CPO - P.O. Box Nos. 2800 to 2899'),
(1510, 'PH', 'Quezon City', '1169', 'Quezon City CPO - P.O. Box Nos. 2900 to 2999'),
(1511, 'PH', 'Quezon City', '1170', 'Quezon City CPO - P.O. Box Nos. 3000 to 3099'),
(1512, 'PH', 'Quezon City', '1171', 'Quezon City CPO - P.O. Box Nos. 3100 to 3199'),
(1513, 'PH', 'Quezon City', '1172', 'Quezon City CPO - P.O. Box Nos. 3200 to 3299'),
(1514, 'PH', 'Quezon City', '1173', 'Quezon City CPO - P.O. Box Nos. 3300 to 3399'),
(1515, 'PH', 'Quezon City', '1174', 'Quezon City CPO - P.O. Box Nos. 3400 to 3499'),
(1516, 'PH', 'Quezon City', '1175', 'Quezon City CPO - P.O. Box Nos. 3500 to 3599'),
(1517, 'PH', 'Quezon City', '1176', 'Quezon City CPO - P.O. Box Nos. 3600 to 3699'),
(1518, 'PH', 'Quezon City', '1177', 'Quezon City CPO - P.O. Box Nos. 3700 to 3799'),
(1519, 'PH', 'Quezon City', '860', 'Quezon City Hall'),
(1520, 'PH', 'Quezon City', '1102', 'Quirino District (Project 2 & 3)'),
(1521, 'PH', 'Quezon City', '1105', 'R. Magsaysay'),
(1522, 'PH', 'Quezon City', '1103', 'Roxas District'),
(1523, 'PH', 'Quezon City', '1103', 'Sacred Heart'),
(1524, 'PH', 'Quezon City', '1114', 'Salvacion'),
(1525, 'PH', 'Quezon City', '1117', 'San Agustin'),
(1526, 'PH', 'Quezon City', '1105', 'San Antonio, Quezon City'),
(1527, 'PH', 'Quezon City', '1116', 'San Bartolome'),
(1528, 'PH', 'Quezon City', '1113', 'San Isidro'),
(1529, 'PH', 'Quezon City', '1114', 'San Isidro Labrador'),
(1530, 'PH', 'Quezon City', '1115', 'San Jose'),
(1531, 'PH', 'Quezon City', '1109', 'San Roque'),
(1532, 'PH', 'Quezon City', '1101', 'San Vicente'),
(1533, 'PH', 'Quezon City', '1116', 'Sangandaan'),
(1534, 'PH', 'Quezon City', '1104', 'Santa Cruz'),
(1535, 'PH', 'Quezon City', '1117', 'Santa Lucia'),
(1536, 'PH', 'Quezon City', '1117', 'Santa Monica'),
(1537, 'PH', 'Quezon City', '1114', 'Santa Teresita'),
(1538, 'PH', 'Quezon City', '1105', 'Santo Cristo'),
(1539, 'PH', 'Quezon City', '1113', 'Santo Niño'),
(1540, 'PH', 'Quezon City', '1113', 'Santol'),
(1541, 'PH', 'Quezon City', '1116', 'Sauyo'),
(1542, 'PH', 'Quezon City', '1114', 'Sienna'),
(1543, 'PH', 'Quezon City', '1101', 'Sikatuna Village'),
(1544, 'PH', 'Quezon City', '1102', 'Silangan'),
(1545, 'PH', 'Quezon City', '800', 'Social Security System'),
(1546, 'PH', 'Quezon City', '1109', 'Socorro'),
(1547, 'PH', 'Quezon City', '1103', 'South Triangle'),
(1548, 'PH', 'Quezon City', '1110', 'St. Ignatius'),
(1549, 'PH', 'Quezon City', '1111', 'St. Martin de Porres'),
(1550, 'PH', 'Quezon City', '1114', 'St. Peter'),
(1551, 'PH', 'Quezon City', '1109', 'Tagumpay'),
(1552, 'PH', 'Quezon City', '1110', 'Talampas'),
(1553, 'PH', 'Quezon City', '1104', 'Talayan'),
(1554, 'PH', 'Quezon City', '1116', 'Talipapa'),
(1555, 'PH', 'Quezon City', '1116', 'Tandang Sora'),
(1556, 'PH', 'Quezon City', '1113', 'Tatalon'),
(1557, 'PH', 'Quezon City', '1101', 'Teachers Village'),
(1558, 'PH', 'Quezon City', '1110', 'Ugong Norte'),
(1559, 'PH', 'Quezon City', '1106', 'Unang Sigaw'),
(1560, 'PH', 'Quezon City', '1101', 'University of the Philippines Post Office'),
(1561, 'PH', 'Quezon City', '1144', 'University of the Philippines P.O. Boxes'),
(1562, 'PH', 'Quezon City', '1101', 'University of the Philippines Village'),
(1563, 'PH', 'Quezon City', '840', 'V. Luna Hospital'),
(1564, 'PH', 'Quezon City', '1112', 'Valencia'),
(1565, 'PH', 'Quezon City', '1128', 'Vasra'),
(1566, 'PH', 'Quezon City', '870', 'Veterans Hospital'),
(1567, 'PH', 'Quezon City', '1105', 'Veterans Village'),
(1568, 'PH', 'Quezon City', '1109', 'Villa Maria Clara'),
(1569, 'PH', 'Quezon City', '1120', 'Violago Homes'),
(1570, 'PH', 'Quezon City', '1104', 'West Triangle'),
(1571, 'PH', 'Quezon City', '1110', 'White Plains'),
(1572, 'PH', 'San Juan City', '1504', 'Eisenhower - Crame'),
(1573, 'PH', 'San Juan City', '1502', 'Greenhills Post Office'),
(1574, 'PH', 'San Juan City', '1503', 'Greenhills [North]'),
(1575, 'PH', 'San Juan City', '1500', 'San Juan Central Post Office'),
(1576, 'PH', 'San Juan City', '400', 'International Correspondence School'),
(1577, 'PH', 'San Juan City', '401', 'Asian Development Bank'),
(1578, 'PH', 'San Juan City', '410', 'Radio Bible Class'),
(1579, 'PH', 'San Juan City', '420', 'Bible School on the Air'),
(1580, 'PH', 'San Juan City', '1530', 'Greenhills P.O. Box Nos. 1000 to 1099'),
(1581, 'PH', 'San Juan City', '1531', 'Greenhills P.O. Box Nos. 1100 to 1199'),
(1582, 'PH', 'San Juan City', '1532', 'Greenhills P.O. Box Nos. 1200 to 1299'),
(1583, 'PH', 'San Juan City', '1533', 'Greenhills P.O. Box Nos. 1300 to 1399'),
(1584, 'PH', 'San Juan City', '1534', 'Greenhills P.O. Box Nos. 1400 to 1499'),
(1585, 'PH', 'San Juan City', '1535', 'Greenhills P.O. Box Nos. 1500 to 1599'),
(1586, 'PH', 'San Juan City', '1536', 'Greenhills P.O. Box Nos. 1600 to 1699'),
(1587, 'PH', 'Taguig City', '1636', 'Bay Breeze Executive Village'),
(1588, 'PH', 'Taguig City', '1631', 'Bicutan'),
(1589, 'PH', 'Taguig City', '1632', 'ususan'),
(1590, 'PH', 'Taguig City', '1633', 'Upper Bicutan'),
(1591, 'PH', 'Taguig City', '1630', 'Western Bicutan (including Food Terminal, Inc. complex)'),
(1592, 'PH', 'Taguig City', '1638', 'Ligid'),
(1593, 'PH', 'Taguig City', '1634', 'Nichols - McKinley'),
(1594, 'PH', 'Taguig City', '1637', 'Tuktukan'),
(1595, 'PH', 'Valenzuela City', '1444', 'Arkong Bato'),
(1596, 'PH', 'Valenzuela City', '1445', 'Balangkas - Caloong'),
(1597, 'PH', 'Valenzuela City', '1443', 'Dalandanan - West Canumay'),
(1598, 'PH', 'Valenzuela City', '1447', 'East Canumay - Lawang Bato Punturin'),
(1599, 'PH', 'Valenzuela City', '1442', 'Fortune Village'),
(1600, 'PH', 'Valenzuela City', '1442', 'General T. de Leon'),
(1601, 'PH', 'Valenzuela City', '1441', 'Karuhatan'),
(1602, 'PH', 'Valenzuela City', '1446', 'Lingunan'),
(1603, 'PH', 'Valenzuela City', '1444', 'Mabolo'),
(1604, 'PH', 'Valenzuela City', '1444', 'Malanday'),
(1605, 'PH', 'Valenzuela City', '1448', 'Mapulang Lupa'),
(1606, 'PH', 'Valenzuela City', '1442', 'Paso de Blas'),
(1607, 'PH', 'Valenzuela City', '1444', 'Pasolo'),
(1608, 'PH', 'Valenzuela City', '1444', 'Polo'),
(1609, 'PH', 'Valenzuela City', '1444', 'Rincon'),
(1610, 'PH', 'Valenzuela City', '1440', 'Valenzuela Central Post Office - Malinta'),
(1611, 'PH', 'Valenzuela City', '1469', 'Valenzuela P.O. Boxes'),
(1612, 'PH', 'Valenzuela City', '560', 'Far East Broadcasting Corporation'),
(1613, 'PH', 'Valenzuela City', '550', 'Febias College of Bible'),
(1614, 'PH', 'Misamis Occidental', '7206', 'Aloran'),
(1615, 'PH', 'Misamis Occidental', '7211', 'Baliangao'),
(1616, 'PH', 'Misamis Occidental', '7215', 'Bonifacio'),
(1617, 'PH', 'Misamis Occidental', '7210', 'Calamba'),
(1618, 'PH', 'Misamis Occidental', '7201', 'Clarin'),
(1619, 'PH', 'Misamis Occidental', '7213', 'Concepcion'),
(1620, 'PH', 'Misamis Occidental', '7204', 'Jimenez'),
(1621, 'PH', 'Misamis Occidental', '7208', 'Lopez Jaena'),
(1622, 'PH', 'Misamis Occidental', '7207', 'Oroquieta City'),
(1623, 'PH', 'Misamis Occidental', '7200', 'Ozamis City'),
(1624, 'PH', 'Misamis Occidental', '7205', 'Panaon'),
(1625, 'PH', 'Misamis Occidental', '7209', 'Plaridel'),
(1626, 'PH', 'Misamis Occidental', '7212', 'Sapang Dalaga'),
(1627, 'PH', 'Misamis Occidental', '7203', 'Sinacaban'),
(1628, 'PH', 'Misamis Occidental', '7214', 'Tangub City'),
(1629, 'PH', 'Misamis Occidental', '7202', 'Tudela'),
(1630, 'PH', 'Misamis Oriental', '9018', 'Alubijid'),
(1631, 'PH', 'Misamis Oriental', '9005', 'Balingasag'),
(1632, 'PH', 'Misamis Oriental', '9011', 'Balinguan'),
(1633, 'PH', 'Misamis Oriental', '9008', 'Binuangan'),
(1634, 'PH', 'Misamis Oriental', '9000', 'Cagayan de Oro City'),
(1635, 'PH', 'Misamis Oriental', '9004', 'Claveria'),
(1636, 'PH', 'Misamis Oriental', '9017', 'El Salvador'),
(1637, 'PH', 'Misamis Oriental', '9014', 'Gingoog City'),
(1638, 'PH', 'Misamis Oriental', '9020', 'Gitagum'),
(1639, 'PH', 'Misamis Oriental', '9022', 'Initao'),
(1640, 'PH', 'Misamis Oriental', '9003', 'Jasaan'),
(1641, 'PH', 'Misamis Oriental', '9010', 'Kinogitan'),
(1642, 'PH', 'Misamis Oriental', '9006', 'Lagonglong'),
(1643, 'PH', 'Misamis Oriental', '9019', 'Laguindingan'),
(1644, 'PH', 'Misamis Oriental', '9021', 'Libertad'),
(1645, 'PH', 'Misamis Oriental', '9025', 'Lugait'),
(1646, 'PH', 'Misamis Oriental', '9015', 'Magsaysay'),
(1647, 'PH', 'Misamis Oriental', '9024', 'Manticao'),
(1648, 'PH', 'Misamis Oriental', '9013', 'Medina'),
(1649, 'PH', 'Misamis Oriental', '9023', 'Naawan'),
(1650, 'PH', 'Misamis Oriental', '9016', 'Opol'),
(1651, 'PH', 'Misamis Oriental', '9007', 'Salay'),
(1652, 'PH', 'Misamis Oriental', '9009', 'Sugbungcogon'),
(1653, 'PH', 'Misamis Oriental', '9001', 'Tagoloan'),
(1654, 'PH', 'Misamis Oriental', '9012', 'Talisayan'),
(1655, 'PH', 'Misamis Oriental', '9002', 'Villanueva'),
(1656, 'PH', 'Mountain Province', '2623', 'Barlig'),
(1657, 'PH', 'Mountain Province', '2621', 'Bauko'),
(1658, 'PH', 'Mountain Province', '2618', 'Besao'),
(1659, 'PH', 'Mountain Province', '2616', 'Bontoc'),
(1660, 'PH', 'Mountain Province', '2624', 'Natonin'),
(1661, 'PH', 'Mountain Province', '2625', 'Paracelis'),
(1662, 'PH', 'Mountain Province', '2622', 'Sabangan'),
(1663, 'PH', 'Mountain Province', '2617', 'Sadanga'),
(1664, 'PH', 'Mountain Province', '2619', 'Sagada'),
(1665, 'PH', 'Mountain Province', '2620', 'Tadian'),
(1666, 'PH', 'Negros Occidental', '6100', 'Bacolod City'),
(1667, 'PH', 'Negros Occidental', '6101', 'Bago City'),
(1668, 'PH', 'Negros Occidental', '6107', 'Binalbagan City'),
(1669, 'PH', 'Negros Occidental', '6121', 'Cadiz City'),
(1670, 'PH', 'Negros Occidental', '6126', 'Calatrava'),
(1671, 'PH', 'Negros Occidental', '6110', 'Candoni'),
(1672, 'PH', 'Negros Occidental', '6118', 'Enrique Magalona'),
(1673, 'PH', 'Negros Occidental', '6124', 'Escalante City'),
(1674, 'PH', 'Negros Occidental', '6108', 'Himamaylan City'),
(1675, 'PH', 'Negros Occidental', '6106', 'Hinigaran City'),
(1676, 'PH', 'Negros Occidental', '6114', 'Hinoba-an'),
(1677, 'PH', 'Negros Occidental', '6109', 'Ilog'),
(1678, 'PH', 'Negros Occidental', '6128', 'Isabela'),
(1679, 'PH', 'Negros Occidental', '6111', 'Kabankalan City'),
(1680, 'PH', 'Negros Occidental', '6112', 'Cauayan'),
(1681, 'PH', 'Negros Occidental', '6130', 'La Carlota City'),
(1682, 'PH', 'Negros Occidental', '6131', 'La Castillana'),
(1683, 'PH', 'Negros Occidental', '6120', 'Manapla'),
(1684, 'PH', 'Negros Occidental', '6132', 'Moises Padilla'),
(1685, 'PH', 'Negros Occidental', '6129', 'Murcia'),
(1686, 'PH', 'Negros Occidental', '6123', 'Paraiso (Fabrica)'),
(1687, 'PH', 'Negros Occidental', '6105', 'Pontevedra'),
(1688, 'PH', 'Negros Occidental', '6102', 'Pulupandan'),
(1689, 'PH', 'Negros Occidental', '6122', 'Sagay City'),
(1690, 'PH', 'Negros Occidental', '6127', 'San Carlos City'),
(1691, 'PH', 'Negros Occidental', '6104', 'San Enrique'),
(1692, 'PH', 'Negros Occidental', '6116', 'Silay City'),
(1693, 'PH', 'Negros Occidental', '6117', 'Silay Hawaiian Central'),
(1694, 'PH', 'Negros Occidental', '6113', 'Sipalay City'),
(1695, 'PH', 'Negros Occidental', '6115', 'Talisay City'),
(1696, 'PH', 'Negros Occidental', '6125', 'Toboso'),
(1697, 'PH', 'Negros Occidental', '6103', 'Valladolid'),
(1698, 'PH', 'Negros Occidental', '6119', 'Victorias City'),
(1699, 'PH', 'Negros Oriental', '6203', 'Amlan'),
(1700, 'PH', 'Negros Oriental', '6210', 'Ayungon'),
(1701, 'PH', 'Negros Oriental', '6216', 'Bacong'),
(1702, 'PH', 'Negros Oriental', '6206', 'Bais City'),
(1703, 'PH', 'Negros Oriental', '6222', 'Basay'),
(1704, 'PH', 'Negros Oriental', '6221', 'Bayawan City'),
(1705, 'PH', 'Negros Oriental', '6209', 'Bindoy'),
(1706, 'PH', 'Negros Oriental', '6223', 'Canlaon City'),
(1707, 'PH', 'Negros Oriental', '6217', 'Dauin'),
(1708, 'PH', 'Negros Oriental', '6200', 'Dumaguete City'),
(1709, 'PH', 'Negros Oriental', '6214', 'Guihulngan'),
(1710, 'PH', 'Negros Oriental', '6212', 'Jimalalud'),
(1711, 'PH', 'Negros Oriental', '6213', 'La Libertad'),
(1712, 'PH', 'Negros Oriental', '6207', 'Mabinay'),
(1713, 'PH', 'Negros Oriental', '6208', 'Manjuyod'),
(1714, 'PH', 'Negros Oriental', '6205', 'Pamplona'),
(1715, 'PH', 'Negros Oriental', '6202', 'San Jose'),
(1716, 'PH', 'Negros Oriental', '6219', 'Siaton'),
(1717, 'PH', 'Negros Oriental', '6201', 'Sibulan'),
(1718, 'PH', 'Negros Oriental', '6220', 'Sta. Catalina'),
(1719, 'PH', 'Negros Oriental', '6204', 'Tanjay City'),
(1720, 'PH', 'Negros Oriental', '6211', 'Tayasan'),
(1721, 'PH', 'Negros Oriental', '6215', 'Valencia'),
(1722, 'PH', 'Negros Oriental', '6224', 'Valle Hermoso'),
(1723, 'PH', 'Negros Oriental', '6218', 'Zamboanguita'),
(1724, 'PH', 'Northern Samar', '6405', 'Allen'),
(1725, 'PH', 'Northern Samar', '6410', 'Biri'),
(1726, 'PH', 'Northern Samar', '6401', 'Bobon'),
(1727, 'PH', 'Northern Samar', '6408', 'Capul'),
(1728, 'PH', 'Northern Samar', '6400', 'Catarman'),
(1729, 'PH', 'Northern Samar', '6418', 'Catubig'),
(1730, 'PH', 'Northern Samar', '6422', 'Gamay'),
(1731, 'PH', 'Northern Samar', '6411', 'Laoang'),
(1732, 'PH', 'Northern Samar', '6423', 'Lapinig'),
(1733, 'PH', 'Northern Samar', '6420', 'Las Navas'),
(1734, 'PH', 'Northern Samar', '6404', 'Lavezares'),
(1735, 'PH', 'Northern Samar', '6403', 'Lope de Vega'),
(1736, 'PH', 'Northern Samar', '6412', 'Mapanas'),
(1737, 'PH', 'Northern Samar', '6417', 'Mondragon'),
(1738, 'PH', 'Northern Samar', '6421', 'Palapag'),
(1739, 'PH', 'Northern Samar', '6413', 'Pambujan'),
(1740, 'PH', 'Northern Samar', '6416', 'Rosario'),
(1741, 'PH', 'Northern Samar', '6407', 'San Antonio'),
(1742, 'PH', 'Northern Samar', '6409', 'San Isidro'),
(1743, 'PH', 'Northern Samar', '6402', 'San Jose'),
(1744, 'PH', 'Northern Samar', '6415', 'San Roque'),
(1745, 'PH', 'Northern Samar', '6419', 'San Vicente'),
(1746, 'PH', 'Northern Samar', '6414', 'Silvino Lobos'),
(1747, 'PH', 'Northern Samar', '6406', 'Victoria'),
(1748, 'PH', 'Nueva Ecija', '3111', 'Aliaga'),
(1749, 'PH', 'Nueva Ecija', '3128', 'Bongabon'),
(1750, 'PH', 'Nueva Ecija', '3100', 'Cabanatuan City'),
(1751, 'PH', 'Nueva Ecija', '3107', 'Cabiao'),
(1752, 'PH', 'Nueva Ecija', '3123', 'Carranglan'),
(1753, 'PH', 'Nueva Ecija', '3120', 'Central Luzon State University'),
(1754, 'PH', 'Nueva Ecija', '3117', 'Cuyapo'),
(1755, 'PH', 'Nueva Ecija', '3130', 'Fort Magsaysay'),
(1756, 'PH', 'Nueva Ecija', '3131', 'Gabaldon'),
(1757, 'PH', 'Nueva Ecija', '3105', 'Gapan City'),
(1758, 'PH', 'Nueva Ecija', '3125', 'General M. Natividad'),
(1759, 'PH', 'Nueva Ecija', '3104', 'General Tinio'),
(1760, 'PH', 'Nueva Ecija', '3115', 'Guimba'),
(1761, 'PH', 'Nueva Ecija', '3109', 'Jaen'),
(1762, 'PH', 'Nueva Ecija', '3129', 'Laur'),
(1763, 'PH', 'Nueva Ecija', '3112', 'Licab'),
(1764, 'PH', 'Nueva Ecija', '3126', 'Llanera'),
(1765, 'PH', 'Nueva Ecija', '3122', 'Lupao'),
(1766, 'PH', 'Nueva Ecija', '3119', 'Science City of Muñoz'),
(1767, 'PH', 'Nueva Ecija', '3116', 'Nampicuan'),
(1768, 'PH', 'Nueva Ecija', '3132', 'Palayan City'),
(1769, 'PH', 'Nueva Ecija', '3124', 'Pantabangan'),
(1770, 'PH', 'Nueva Ecija', '3103', 'Peñaranda'),
(1771, 'PH', 'Nueva Ecija', '3113', 'Quezon'),
(1772, 'PH', 'Nueva Ecija', '3127', 'Rizal'),
(1773, 'PH', 'Nueva Ecija', '3108', 'San Antonio'),
(1774, 'PH', 'Nueva Ecija', '3106', 'San Isidro'),
(1775, 'PH', 'Nueva Ecija', '3121', 'San Jose City'),
(1776, 'PH', 'Nueva Ecija', '3102', 'San Leonardo'),
(1777, 'PH', 'Nueva Ecija', '3101', 'Santa Rosa'),
(1778, 'PH', 'Nueva Ecija', '3133', 'Santo Domingo'),
(1779, 'PH', 'Nueva Ecija', '3114', 'Talavera'),
(1780, 'PH', 'Nueva Ecija', '3118', 'Talugtog'),
(1781, 'PH', 'Nueva Ecija', '3110', 'Zaragoza'),
(1782, 'PH', 'Nueva Vizcaya', '3714', 'Alfonso Castañeda'),
(1783, 'PH', 'Nueva Vizcaya', '3701', 'Ambaguio'),
(1784, 'PH', 'Nueva Vizcaya', '3704', 'Aritao'),
(1785, 'PH', 'Nueva Vizcaya', '3711', 'Bagabag'),
(1786, 'PH', 'Nueva Vizcaya', '3702', 'Bambang'),
(1787, 'PH', 'Nueva Vizcaya', '3700', 'Bayombong'),
(1788, 'PH', 'Nueva Vizcaya', '3712', 'Diadi'),
(1789, 'PH', 'Nueva Vizcaya', '3706', 'Dupax del Norte'),
(1790, 'PH', 'Nueva Vizcaya', '3707', 'Dupax del Sur'),
(1791, 'PH', 'Nueva Vizcaya', '3703', 'Kasibu'),
(1792, 'PH', 'Nueva Vizcaya', '3708', 'Kayapa'),
(1793, 'PH', 'Nueva Vizcaya', '3714', 'Quezon'),
(1794, 'PH', 'Nueva Vizcaya', '3709', 'Solano'),
(1795, 'PH', 'Nueva Vizcaya', '3705', 'Santa Fe (Imugan)'),
(1796, 'PH', 'Nueva Vizcaya', '3710', 'Villa Verde (Ibung)'),
(1797, 'PH', 'Occidental Mindoro', '5108', 'Abra de Ilog'),
(1798, 'PH', 'Occidental Mindoro', '5102', 'Calintaan'),
(1799, 'PH', 'Occidental Mindoro', '5111', 'Looc'),
(1800, 'PH', 'Occidental Mindoro', '5109', 'Lubang'),
(1801, 'PH', 'Occidental Mindoro', '5101', 'Magsaysay'),
(1802, 'PH', 'Occidental Mindoro', '5106', 'Mamburao'),
(1803, 'PH', 'Occidental Mindoro', '5107', 'Paluan'),
(1804, 'PH', 'Occidental Mindoro', '5103', 'Rizal'),
(1805, 'PH', 'Occidental Mindoro', '5104', 'Sablayan'),
(1806, 'PH', 'Occidental Mindoro', '5100', 'San Jose'),
(1807, 'PH', 'Occidental Mindoro', '5105', 'Santa Cruz'),
(1808, 'PH', 'Occidental Mindoro', '5110', 'Tilik'),
(1809, 'PH', 'Oriental Mindoro', '5201', 'Baco'),
(1810, 'PH', 'Oriental Mindoro', '5210', 'Bansud'),
(1811, 'PH', 'Oriental Mindoro', '5211', 'Bongabon'),
(1812, 'PH', 'Oriental Mindoro', '5214', 'Bulalacao'),
(1813, 'PH', 'Oriental Mindoro', '5200', 'Calapan'),
(1814, 'PH', 'Oriental Mindoro', '5209', 'Gloria'),
(1815, 'PH', 'Oriental Mindoro', '5213', 'Mansalay'),
(1816, 'PH', 'Oriental Mindoro', '5204', 'Naujan'),
(1817, 'PH', 'Oriental Mindoro', '5208', 'Pinamalayan'),
(1818, 'PH', 'Oriental Mindoro', '5206', 'Pola'),
(1819, 'PH', 'Oriental Mindoro', '5203', 'Puerto Galera'),
(1820, 'PH', 'Oriental Mindoro', '5212', 'Roxas'),
(1821, 'PH', 'Oriental Mindoro', '5202', 'San Teodoro'),
(1822, 'PH', 'Oriental Mindoro', '5207', 'Socorro'),
(1823, 'PH', 'Oriental Mindoro', '5205', 'Victoria'),
(1824, 'PH', 'Palawan', '5300', 'Puerto Princesa'),
(1825, 'PH', 'Palawan', '5301', 'Iwahig Penal Colony'),
(1826, 'PH', 'Palawan', '5302', 'Aborlan'),
(1827, 'PH', 'Palawan', '5303', 'Narra (Panacan)'),
(1828, 'PH', 'Palawan', '5304', 'Quezon'),
(1829, 'PH', 'Palawan', '5305', 'Brooke''s Point'),
(1830, 'PH', 'Palawan', '5306', 'Bataraza'),
(1831, 'PH', 'Palawan', '5307', 'Balabac'),
(1832, 'PH', 'Palawan', '5308', 'Roxas'),
(1833, 'PH', 'Palawan', '5309', 'San Vicente'),
(1834, 'PH', 'Palawan', '5310', 'Dumaran'),
(1835, 'PH', 'Palawan', '5311', 'Araceli'),
(1836, 'PH', 'Palawan', '5312', 'Taytay'),
(1837, 'PH', 'Palawan', '5313', 'El Nido (Bacuit)'),
(1838, 'PH', 'Palawan', '5314', 'Linapacan'),
(1839, 'PH', 'Palawan', '5315', 'Culion'),
(1840, 'PH', 'Palawan', '5316', 'Coron'),
(1841, 'PH', 'Palawan', '5317', 'Busuanga'),
(1842, 'PH', 'Palawan', '5318', 'Cuyo'),
(1843, 'PH', 'Palawan', '5319', 'Magsaysay'),
(1844, 'PH', 'Palawan', '5320', 'Agutaya'),
(1845, 'PH', 'Palawan', '5321', 'Cagayancillo'),
(1846, 'PH', 'Palawan', '5322', 'Kalayaan'),
(1847, 'PH', 'Pampanga', '2009', 'Angeles City/Clark Special Economic ZoneBalibago a Barangay in Angeles city has its own zip code 2024'),
(1848, 'PH', 'Pampanga', '2016', 'Apalit'),
(1849, 'PH', 'Pampanga', '2012', 'Arayat'),
(1850, 'PH', 'Pampanga', '2001', 'Bacolor'),
(1851, 'PH', 'Pampanga', '2007', 'Basa Airbase'),
(1852, 'PH', 'Pampanga', '2013', 'Candaba'),
(1853, 'PH', 'Pampanga', '2006', 'Floridablanca'),
(1854, 'PH', 'Pampanga', '2003', 'Guagua'),
(1855, 'PH', 'Pampanga', '2005', 'Lubao'),
(1856, 'PH', 'Pampanga', '2010', 'Mabalacat'),
(1857, 'PH', 'Pampanga', '2018', 'Macabebe'),
(1858, 'PH', 'Pampanga', '2011', 'Magalang'),
(1859, 'PH', 'Pampanga', '2017', 'Masantol'),
(1860, 'PH', 'Pampanga', '2021', 'Mexico'),
(1861, 'PH', 'Pampanga', '2019', 'Minalin'),
(1862, 'PH', 'Pampanga', '2008', 'Porac'),
(1863, 'PH', 'Pampanga', '2000', 'City of San Fernando'),
(1864, 'PH', 'Pampanga', '2014', 'San Luis'),
(1865, 'PH', 'Pampanga', '2015', 'San Simon'),
(1866, 'PH', 'Pampanga', '2022', 'Santa Ana'),
(1867, 'PH', 'Pampanga', '2002', 'Santa Rita'),
(1868, 'PH', 'Pampanga', '2020', 'Santo Tomas'),
(1869, 'PH', 'Pampanga', '2004', 'Sasmuan (Sexmoan)'),
(1870, 'PH', 'Pangasinan', '2408', 'Agno'),
(1871, 'PH', 'Pangasinan', '2415', 'Aguilar'),
(1872, 'PH', 'Pangasinan', '2404', 'Alaminos'),
(1873, 'PH', 'Pangasinan', '2425', 'Alcala'),
(1874, 'PH', 'Pangasinan', '2405', 'Anda'),
(1875, 'PH', 'Pangasinan', '2439', 'Asingan'),
(1876, 'PH', 'Pangasinan', '2442', 'Balungao'),
(1877, 'PH', 'Pangasinan', '2407', 'Bani'),
(1878, 'PH', 'Pangasinan', '2422', 'Basista'),
(1879, 'PH', 'Pangasinan', '2424', 'Bautista'),
(1880, 'PH', 'Pangasinan', '2423', 'Bayambang'),
(1881, 'PH', 'Pangasinan', '2436', 'Binalonan'),
(1882, 'PH', 'Pangasinan', '2417', 'Binmaley'),
(1883, 'PH', 'Pangasinan', '2406', 'Bolinao'),
(1884, 'PH', 'Pangasinan', '2416', 'Bugallon'),
(1885, 'PH', 'Pangasinan', '2410', 'Burgos'),
(1886, 'PH', 'Pangasinan', '2418', 'Calasiao'),
(1887, 'PH', 'Pangasinan', '2400', 'Dagupan City'),
(1888, 'PH', 'Pangasinan', '2411', 'Dasol'),
(1889, 'PH', 'Pangasinan', '2412', 'Infanta'),
(1890, 'PH', 'Pangasinan', '2402', 'Labrador'),
(1891, 'PH', 'Pangasinan', '2437', 'Laoac'),
(1892, 'PH', 'Pangasinan', '2401', 'Lingayen'),
(1893, 'PH', 'Pangasinan', '2409', 'Mabini'),
(1894, 'PH', 'Pangasinan', '2421', 'Malasiqui'),
(1895, 'PH', 'Pangasinan', '2430', 'Manaoag'),
(1896, 'PH', 'Pangasinan', '2432', 'Mangaldan'),
(1897, 'PH', 'Pangasinan', '2413', 'Mangatarem'),
(1898, 'PH', 'Pangasinan', '2429', 'Mapandan'),
(1899, 'PH', 'Pangasinan', '2446', 'Natividad'),
(1900, 'PH', 'Pangasinan', '2435', 'Pozorrubio'),
(1901, 'PH', 'Pangasinan', '2441', 'Rosales'),
(1902, 'PH', 'Pangasinan', '2420', 'San Carlos City'),
(1903, 'PH', 'Pangasinan', '2433', 'San Fabian'),
(1904, 'PH', 'Pangasinan', '2431', 'San Jacinto'),
(1905, 'PH', 'Pangasinan', '2438', 'San Manuel'),
(1906, 'PH', 'Pangasinan', '2447', 'San Nicolas'),
(1907, 'PH', 'Pangasinan', '2444', 'San Quintin'),
(1908, 'PH', 'Pangasinan', '2419', 'Santa Barbara'),
(1909, 'PH', 'Pangasinan', '2440', 'Santa Maria'),
(1910, 'PH', 'Pangasinan', '2426', 'Santo Tomas'),
(1911, 'PH', 'Pangasinan', '2434', 'Sison'),
(1912, 'PH', 'Pangasinan', '2403', 'Sual'),
(1913, 'PH', 'Pangasinan', '2445', 'Tayug'),
(1914, 'PH', 'Pangasinan', '2443', 'Umingan'),
(1915, 'PH', 'Pangasinan', '2414', 'Urbiztondo'),
(1916, 'PH', 'Pangasinan', '2428', 'Urdaneta'),
(1917, 'PH', 'Pangasinan', '2427', 'Villasis'),
(1918, 'PH', 'Quezon', '4304', 'Agdangan'),
(1919, 'PH', 'Quezon', '4333', 'Alabat'),
(1920, 'PH', 'Quezon', '4331', 'Atimonan'),
(1921, 'PH', 'Quezon', '4320', 'Buenavista'),
(1922, 'PH', 'Quezon', '4340', 'Burdeos'),
(1923, 'PH', 'Quezon', '4318', 'Calauag'),
(1924, 'PH', 'Quezon', '4323', 'Candelaria'),
(1925, 'PH', 'Quezon', '4311', 'Catanauan'),
(1926, 'PH', 'Quezon', '4326', 'Dolores'),
(1927, 'PH', 'Quezon', '4310', 'General Antonio Luna'),
(1928, 'PH', 'Quezon', '4338', 'General Nakar'),
(1929, 'PH', 'Quezon', '4319', 'Guinayangan'),
(1930, 'PH', 'Quezon', '4307', 'Gumaca'),
(1931, 'PH', 'Quezon', '4317', 'Hondagua'),
(1932, 'PH', 'Quezon', '4336', 'Infanta'),
(1933, 'PH', 'Quezon', '4342', 'Jomalig'),
(1934, 'PH', 'Quezon', '4316', 'Lopez'),
(1935, 'PH', 'Quezon', '4328', 'Lucban'),
(1936, 'PH', 'Quezon', '4301', 'Lucena City'),
(1937, 'PH', 'Quezon', '4309', 'Macalelon'),
(1938, 'PH', 'Quezon', '4330', 'Mauban'),
(1939, 'PH', 'Quezon', '4312', 'Mulanay'),
(1940, 'PH', 'Quezon', '4303', 'Padre Burgos'),
(1941, 'PH', 'Quezon', '4302', 'Pagbilao'),
(1942, 'PH', 'Quezon', '4337', 'Panukulan'),
(1943, 'PH', 'Quezon', '4341', 'Patnanungan'),
(1944, 'PH', 'Quezon', '4334', 'Perez'),
(1945, 'PH', 'Quezon', '4308', 'Pitogo'),
(1946, 'PH', 'Quezon', '4306', 'Plaridel'),
(1947, 'PH', 'Quezon', '4339', 'Polilio'),
(1948, 'PH', 'Quezon', '4332', 'Quezon'),
(1949, 'PH', 'Quezon', '4300', 'Provincial Capitol, Lucena City'),
(1950, 'PH', 'Quezon', '4335', 'Real'),
(1951, 'PH', 'Quezon', '4329', 'Sampaloc'),
(1952, 'PH', 'Quezon', '4314', 'San Andres'),
(1953, 'PH', 'Quezon', '4324', 'San Antonio'),
(1954, 'PH', 'Quezon', '4315', 'San Francisco (Aurora)'),
(1955, 'PH', 'Quezon', '4313', 'San Narciso'),
(1956, 'PH', 'Quezon', '4322', 'Sariaya'),
(1957, 'PH', 'Quezon', '4321', 'Tagkawayan'),
(1958, 'PH', 'Quezon', '4327', 'Tayabas'),
(1959, 'PH', 'Quezon', '4325', 'Tiaong'),
(1960, 'PH', 'Quezon', '4305', 'Unisan'),
(1961, 'PH', 'Quirino', '3400', 'Cabarroguis'),
(1962, 'PH', 'Quirino', '3401', 'Diffun'),
(1963, 'PH', 'Quirino', '3402', 'Saguday'),
(1964, 'PH', 'Quirino', '3403', 'Aglipay'),
(1965, 'PH', 'Quirino', '3404', 'Maddela'),
(1966, 'PH', 'Quirino', '3405', 'Nagtipunan (Abbag)'),
(1967, 'PH', 'Rizal', '1850', 'San Mateo'),
(1968, 'PH', 'Rizal', '1860', 'Rodriguez'),
(1969, 'PH', 'Rizal', '1870', 'Antipolo City'),
(1970, 'PH', 'Rizal', '1880', 'Teresa'),
(1971, 'PH', 'Rizal', '1900', 'Cainta'),
(1972, 'PH', 'Rizal', '1910', 'Pililla'),
(1973, 'PH', 'Rizal', '1920', 'Taytay'),
(1974, 'PH', 'Rizal', '1930', 'Angono'),
(1975, 'PH', 'Rizal', '1940', 'Binangonan'),
(1976, 'PH', 'Rizal', '1950', 'Cardona'),
(1977, 'PH', 'Rizal', '1960', 'Morong'),
(1978, 'PH', 'Rizal', '1970', 'Baras'),
(1979, 'PH', 'Rizal', '1980', 'Tanay');
INSERT INTO `zipcodes` (`id`, `country`, `major_area`, `zip_code`, `city`) VALUES
(1980, 'PH', 'Rizal', '1900', 'Jalajala'),
(1981, 'PH', 'Romblon', '5509', 'Alcantara'),
(1982, 'PH', 'Romblon', '5515', 'Banton (Jones)'),
(1983, 'PH', 'Romblon', '5512', 'Cajidiocan'),
(1984, 'PH', 'Romblon', '5503', 'Calatrava'),
(1985, 'PH', 'Romblon', '5516', 'Concepcion'),
(1986, 'PH', 'Romblon', '5514', 'Corcuera'),
(1987, 'PH', 'Romblon', '5506', 'Ferrol'),
(1988, 'PH', 'Romblon', '5502', 'Imelda'),
(1989, 'PH', 'Romblon', '5507', 'Looc'),
(1990, 'PH', 'Romblon', '5511', 'Magdiwang'),
(1991, 'PH', 'Romblon', '5505', 'Odiongan'),
(1992, 'PH', 'Romblon', '5500', 'Romblon'),
(1993, 'PH', 'Romblon', '5501', 'San Agustin'),
(1994, 'PH', 'Romblon', '5504', 'San Andres'),
(1995, 'PH', 'Romblon', '5513', 'San Fernando'),
(1996, 'PH', 'Romblon', '5510', 'San Jose'),
(1997, 'PH', 'Romblon', '5508', 'Santa Fe'),
(1998, 'PH', 'Sarangani', '9501', 'Alabel'),
(1999, 'PH', 'Sarangani', '9517', 'Glan'),
(2000, 'PH', 'Sarangani', '9514', 'Kiamba'),
(2001, 'PH', 'Sarangani', '9502', 'Maasim'),
(2002, 'PH', 'Sarangani', '9515', 'Maitum'),
(2003, 'PH', 'Sarangani', '9516', 'Malapatan'),
(2004, 'PH', 'Sarangani', '9503', 'Malungon'),
(2005, 'PH', 'Shariff Kabunsuan', '9614', 'Barira'),
(2006, 'PH', 'Shariff Kabunsuan', '9615', 'Buldon'),
(2007, 'PH', 'Shariff Kabunsuan', '9601', 'Datu Odin Sinsuat (Dinaig)'),
(2008, 'PH', 'Shariff Kabunsuan', '9606', 'Kabuntalan/Northern Kabuntalan'),
(2009, 'PH', 'Shariff Kabunsuan', '9613', 'Matanog'),
(2010, 'PH', 'Shariff Kabunsuan', '9604', 'Parang'),
(2011, 'PH', 'Shariff Kabunsuan', '9605', 'Sultan Kudarat/Sultan Mastura'),
(2012, 'PH', 'Shariff Kabunsuan', '9602', 'Upi/Datu Blah T. Sinsuat'),
(2013, 'PH', 'Shariff Kabunsuan', '9603', 'Ampatuan City'),
(2014, 'PH', 'Siquijor', '6230', 'Enrique Villanueva'),
(2015, 'PH', 'Siquijor', '6226', 'Larena'),
(2016, 'PH', 'Siquijor', '6228', 'Lazi'),
(2017, 'PH', 'Siquijor', '6229', 'Maria'),
(2018, 'PH', 'Siquijor', '6227', 'San Juan'),
(2019, 'PH', 'Siquijor', '6225', 'Siquij'),
(2020, 'PH', 'Sorsogon', '4701', 'Bacon'),
(2021, 'PH', 'Sorsogon', '4712', 'Barcelona'),
(2022, 'PH', 'Sorsogon', '4706', 'Bulan'),
(2023, 'PH', 'Sorsogon', '4704', 'Bulusan'),
(2024, 'PH', 'Sorsogon', '4702', 'Casiguran'),
(2025, 'PH', 'Sorsogon', '4713', 'Castilla'),
(2026, 'PH', 'Sorsogon', '4715', 'Donsol'),
(2027, 'PH', 'Sorsogon', '4710', 'Gubat'),
(2028, 'PH', 'Sorsogon', '4707', 'Irosin'),
(2029, 'PH', 'Sorsogon', '4703', 'Juban'),
(2030, 'PH', 'Sorsogon', '4705', 'Magallanes'),
(2031, 'PH', 'Sorsogon', '4708', 'Matnog'),
(2032, 'PH', 'Sorsogon', '4714', 'Pilar'),
(2033, 'PH', 'Sorsogon', '4711', 'Prieto Diaz'),
(2034, 'PH', 'Sorsogon', '4709', 'Santa Magdalena'),
(2035, 'PH', 'Sorsogon', '4700', 'Sorsogon'),
(2036, 'PH', 'South Cotabato', '9511', 'Banga'),
(2037, 'PH', 'South Cotabato', '9500', 'General Santos City (Dadiangas)'),
(2038, 'PH', 'South Cotabato', '9506', 'Koronadal City'),
(2039, 'PH', 'South Cotabato', '9508', 'Norala'),
(2040, 'PH', 'South Cotabato', '9504', 'Polomolok'),
(2041, 'PH', 'South Cotabato', '9509', 'Sto. Niño'),
(2042, 'PH', 'South Cotabato', '9512', 'Surallah'),
(2043, 'PH', 'South Cotabato', '9507', 'Tampakan'),
(2044, 'PH', 'South Cotabato', '9510', 'Tantangan'),
(2045, 'PH', 'South Cotabato', '9513', 'T''Boli'),
(2046, 'PH', 'South Cotabato', '9505', 'Tupi'),
(2047, 'PH', 'Southern Leyte', '6610', 'Anahawan'),
(2048, 'PH', 'Southern Leyte', '6604', 'Bontoc'),
(2049, 'PH', 'Southern Leyte', '6608', 'Hinunangan'),
(2050, 'PH', 'Southern Leyte', '6609', 'Hinundayan'),
(2051, 'PH', 'Southern Leyte', '6615', 'Libagon'),
(2052, 'PH', 'Southern Leyte', '6612', 'Liloan'),
(2053, 'PH', 'Southern Leyte', '6600', 'Maasin'),
(2054, 'PH', 'Southern Leyte', '6601', 'Macrohon'),
(2055, 'PH', 'Southern Leyte', '6603', 'Malitbog'),
(2056, 'PH', 'Southern Leyte', '6602', 'Padre Burgos'),
(2057, 'PH', 'Southern Leyte', '6614', 'Pintuyan'),
(2058, 'PH', 'Southern Leyte', '6613', 'San Francisco'),
(2059, 'PH', 'Southern Leyte', '6611', 'San Juan (Cabalian)'),
(2060, 'PH', 'Southern Leyte', '6617', 'San Ricardo'),
(2061, 'PH', 'Southern Leyte', '6607', 'Silago'),
(2062, 'PH', 'Southern Leyte', '6606', 'Sogod'),
(2063, 'PH', 'Southern Leyte', '6616', 'St. Bernard'),
(2064, 'PH', 'Southern Leyte', '6605', 'Tomas Oppus'),
(2065, 'PH', 'Sultan Kudarat', '9810', 'Bagumbayan'),
(2066, 'PH', 'Sultan Kudarat', '9801', 'Columbio'),
(2067, 'PH', 'Sultan Kudarat', '9806', 'Esperanza (Ampatuan)'),
(2068, 'PH', 'Sultan Kudarat', '9805', 'Isulan'),
(2069, 'PH', 'Sultan Kudarat', '9808', 'Kalamansig'),
(2070, 'PH', 'Sultan Kudarat', '9807', 'Lebak (Salaman)'),
(2071, 'PH', 'Sultan Kudarat', '9803', 'Lutayan'),
(2072, 'PH', 'Sultan Kudarat', '9802', 'Mariano Marcos'),
(2073, 'PH', 'Sultan Kudarat', '9809', 'Palimbang'),
(2074, 'PH', 'Sultan Kudarat', '9804', 'Pres. Quirino'),
(2075, 'PH', 'Sultan Kudarat', '9811', 'Sen. Ninoy Aquino'),
(2076, 'PH', 'Sultan Kudarat', '9800', 'Tacurong'),
(2077, 'PH', 'Sulu', '7407', 'Indanan'),
(2078, 'PH', 'Sulu', '7400', 'Jolo'),
(2079, 'PH', 'Sulu', '7416', 'Kalingalan Kalauang'),
(2080, 'PH', 'Sulu', '7411', 'Lugus'),
(2081, 'PH', 'Sulu', '7404', 'Luuk'),
(2082, 'PH', 'Sulu', '7409', 'Maimbung'),
(2083, 'PH', 'Sulu', '7413', 'Marungas'),
(2084, 'PH', 'Sulu', '7402', 'Panamao'),
(2085, 'PH', 'Sulu', '7415', 'Panglima Estino'),
(2086, 'PH', 'Sulu', '7414', 'Panguntaran'),
(2087, 'PH', 'Sulu', '7408', 'Parang'),
(2088, 'PH', 'Sulu', '7405', 'Pata'),
(2089, 'PH', 'Sulu', '7401', 'Patikul'),
(2090, 'PH', 'Sulu', '7412', 'Siasi'),
(2091, 'PH', 'Sulu', '7403', 'Talipao'),
(2092, 'PH', 'Sulu', '7410', 'Tapul'),
(2093, 'PH', 'Sulu', '7406', 'Tongkil'),
(2094, 'PH', 'Surigao del Norte', '8425', 'Alegria'),
(2095, 'PH', 'Surigao del Norte', '8408', 'Bacuag'),
(2096, 'PH', 'Surigao del Norte', '8424', 'Burgos'),
(2097, 'PH', 'Surigao del Norte', '8410', 'Claver'),
(2098, 'PH', 'Surigao del Norte', '8417', 'Dapa'),
(2099, 'PH', 'Surigao del Norte', '8418', 'Del Carmen'),
(2100, 'PH', 'Surigao del Norte', '8419', 'Gen. Luna'),
(2101, 'PH', 'Surigao del Norte', '8409', 'Gigaquit'),
(2102, 'PH', 'Surigao del Norte', '8407', 'Mainit'),
(2103, 'PH', 'Surigao del Norte', '8402', 'Malimano'),
(2104, 'PH', 'Surigao del Norte', '8420', 'Pilar'),
(2105, 'PH', 'Surigao del Norte', '8405', 'Placer'),
(2106, 'PH', 'Surigao del Norte', '8423', 'San Benito'),
(2107, 'PH', 'Surigao del Norte', '8401', 'San Francisco'),
(2108, 'PH', 'Surigao del Norte', '8421', 'San Isidro'),
(2109, 'PH', 'Surigao del Norte', '8422', 'Santa Monica'),
(2110, 'PH', 'Surigao del Norte', '8404', 'Sison'),
(2111, 'PH', 'Surigao del Norte', '8416', 'Socorro'),
(2112, 'PH', 'Surigao del Norte', '8400', 'Surigao City'),
(2113, 'PH', 'Surigao del Norte', '8403', 'Tagana-an'),
(2114, 'PH', 'Surigao del Norte', '8406', 'Tubod'),
(2115, 'PH', 'Surigao del Sur', '8309', 'Barobo'),
(2116, 'PH', 'Surigao del Sur', '8303', 'Bayabas'),
(2117, 'PH', 'Surigao del Sur', '8311', 'Bislig'),
(2118, 'PH', 'Surigao del Sur', '8304', 'Cagwait'),
(2119, 'PH', 'Surigao del Sur', '8317', 'Cantillan'),
(2120, 'PH', 'Surigao del Sur', '8315', 'Carmen'),
(2121, 'PH', 'Surigao del Sur', '8318', 'Carrascal'),
(2122, 'PH', 'Surigao del Sur', '8313', 'Cortez'),
(2123, 'PH', 'Surigao del Sur', '8310', 'Hinatuan'),
(2124, 'PH', 'Surigao del Sur', '8314', 'Lanuza'),
(2125, 'PH', 'Surigao del Sur', '8307', 'Lianga'),
(2126, 'PH', 'Surigao del Sur', '8312', 'Lingig'),
(2127, 'PH', 'Surigao del Sur', '8316', 'Madrid'),
(2128, 'PH', 'Surigao del Sur', '8306', 'Marihatag'),
(2129, 'PH', 'Surigao del Sur', '8305', 'San Agustin'),
(2130, 'PH', 'Surigao del Sur', '8301', 'San Miguel'),
(2131, 'PH', 'Surigao del Sur', '8308', 'Tagbina'),
(2132, 'PH', 'Surigao del Sur', '8302', 'Tago'),
(2133, 'PH', 'Surigao del Sur', '8300', 'Tandag'),
(2134, 'PH', 'Tarlac', '2310', 'Anao'),
(2135, 'PH', 'Tarlac', '2317', 'Bamban'),
(2136, 'PH', 'Tarlac', '2306', 'Camiling'),
(2137, 'PH', 'Tarlac', '2333', 'Capas'),
(2138, 'PH', 'Tarlac', '2316', 'Concepcion'),
(2139, 'PH', 'Tarlac', '2302', 'Gerona'),
(2140, 'PH', 'Tarlac', '2314', 'La Paz'),
(2141, 'PH', 'Tarlac', '2304', 'Mayantoc'),
(2142, 'PH', 'Tarlac', '2334', 'Moncada'),
(2143, 'PH', 'Tarlac', '2307', '[Paniqui]'),
(2144, 'PH', 'Tarlac', '2312', 'Pura'),
(2145, 'PH', 'Tarlac', '2311', 'Ramos'),
(2146, 'PH', 'Tarlac', '2305', 'San Clemente'),
(2147, 'PH', 'Tarlac', '2309', 'San Manuel'),
(2148, 'PH', 'Tarlac', '2301', 'San Jose'),
(2149, 'PH', 'Tarlac', '2303', 'Santa Ignacia'),
(2150, 'PH', 'Tarlac', '2300', 'Tarlac City'),
(2151, 'PH', 'Tarlac', '2313', 'Victoria'),
(2152, 'PH', 'Tarlac', '7500', 'Bongao'),
(2153, 'PH', 'Tarlac', '7508', 'Mapun (Cagayan de Sulu)'),
(2154, 'PH', 'Tarlac', '7509', 'Languyan'),
(2155, 'PH', 'Tarlac', '7501', 'Panglima Sugala (Balimbing)'),
(2156, 'PH', 'Tarlac', '7503', 'Sapa-Sapa'),
(2157, 'PH', 'Tarlac', '7505', 'Simunul'),
(2158, 'PH', 'Tarlac', '7506', 'Sitangkai'),
(2159, 'PH', 'Tarlac', '7504', 'South Ubian'),
(2160, 'PH', 'Tarlac', '7507', 'Turtle Island (Taganak)'),
(2161, 'PH', 'Tarlac', '7502', 'Tandubas'),
(2162, 'PH', 'Western Samar', '6724', 'Almagro'),
(2163, 'PH', 'Western Samar', '6720', 'Basey'),
(2164, 'PH', 'Western Samar', '6710', 'Calbayog City'),
(2165, 'PH', 'Western Samar', '6715', 'Calbiga'),
(2166, 'PH', 'Western Samar', '6700', 'Catbalogan'),
(2167, 'PH', 'Western Samar', '6722', 'Daram'),
(2168, 'PH', 'Western Samar', '6706', 'Gandara'),
(2169, 'PH', 'Western Samar', '6713', 'Hinabangan'),
(2170, 'PH', 'Western Samar', '6701', 'Jiabong'),
(2171, 'PH', 'Western Samar', '6721', 'Marabut'),
(2172, 'PH', 'Western Samar', '6708', 'Matuguinao'),
(2173, 'PH', 'Western Samar', '6702', 'Motiong'),
(2174, 'PH', 'Western Samar', '6705', 'Pagsanghan'),
(2175, 'PH', 'Western Samar', '6703', 'Paranas (Wright)'),
(2176, 'PH', 'Western Samar', '6716', 'Pinabacdao'),
(2177, 'PH', 'Western Samar', '6707', 'San Jorge'),
(2178, 'PH', 'Western Samar', '6723', 'San Jose De Buan'),
(2179, 'PH', 'Western Samar', '6714', 'San Sebastian'),
(2180, 'PH', 'Western Samar', '6709', 'Santa Margarita'),
(2181, 'PH', 'Western Samar', '6718', 'Santa Rita'),
(2182, 'PH', 'Western Samar', '6711', 'Santo Niño'),
(2183, 'PH', 'Western Samar', '6712', 'Tagapul-an'),
(2184, 'PH', 'Western Samar', '6719', 'Talalora'),
(2185, 'PH', 'Western Samar', '6704', 'Tarangnan'),
(2186, 'PH', 'Western Samar', '6717', 'Villareal'),
(2187, 'PH', 'Western Samar', '6725', 'Zumarraga'),
(2188, 'PH', 'Zambales', '2202', 'Botolan'),
(2189, 'PH', 'Zambales', '2203', 'Cabangan'),
(2190, 'PH', 'Zambales', '2212', 'Candelaria'),
(2191, 'PH', 'Zambales', '2208', 'Castillejos'),
(2192, 'PH', 'Zambales', '2201', 'Iba'),
(2193, 'PH', 'Zambales', '2211', 'Masinloc'),
(2194, 'PH', 'Zambales', '2200', 'Olongapo City'),
(2195, 'PH', 'Zambales', '2210', 'Palauig & Scarborough Shoal'),
(2196, 'PH', 'Zambales', '2206', 'San Antonio'),
(2197, 'PH', 'Zambales', '2204', 'San Felipe'),
(2198, 'PH', 'Zambales', '2207', 'San Marcelino'),
(2199, 'PH', 'Zambales', '2205', 'San Narciso'),
(2200, 'PH', 'Zambales', '2213', 'Santa Cruz'),
(2201, 'PH', 'Zambales', '2209', 'Subic'),
(2202, 'PH', 'Zambales', '2222', 'Subic Bay Freeport Zone (Metro Subic)'),
(2203, 'PH', 'Zamboanga del Norte', '7123', 'Baliguian'),
(2204, 'PH', 'Zamboanga del Norte', '7101', 'Dapitan City'),
(2205, 'PH', 'Zamboanga del Norte', '7100', 'Dipolog City'),
(2206, 'PH', 'Zamboanga del Norte', '7118', 'Gutalac'),
(2207, 'PH', 'Zamboanga del Norte', '7111', 'Jose Dalman (Ponot)'),
(2208, 'PH', 'Zamboanga del Norte', '7124', 'Kalawit'),
(2209, 'PH', 'Zamboanga del Norte', '7109', 'Katipunan'),
(2210, 'PH', 'Zamboanga del Norte', '7119', 'La Libertad'),
(2211, 'PH', 'Zamboanga del Norte', '7117', 'Labason'),
(2212, 'PH', 'Zamboanga del Norte', '7115', 'Liloy'),
(2213, 'PH', 'Zamboanga del Norte', '7110', 'Manukan'),
(2214, 'PH', 'Zamboanga del Norte', '7107', 'Mutia'),
(2215, 'PH', 'Zamboanga del Norte', '7105', 'Pinan'),
(2216, 'PH', 'Zamboanga del Norte', '7106', 'Polanco'),
(2217, 'PH', 'Zamboanga del Norte', '7104', 'Rizal'),
(2218, 'PH', 'Zamboanga del Norte', '7102', 'Roxas'),
(2219, 'PH', 'Zamboanga del Norte', '7114', 'Salug'),
(2220, 'PH', 'Zamboanga del Norte', '7108', 'Sergio Osmeña'),
(2221, 'PH', 'Zamboanga del Norte', '7113', 'Siayan'),
(2222, 'PH', 'Zamboanga del Norte', '7122', 'Sibuco'),
(2223, 'PH', 'Zamboanga del Norte', '7103', 'Sibutad'),
(2224, 'PH', 'Zamboanga del Norte', '7112', 'Sindangan (Leon B. Postigo)'),
(2225, 'PH', 'Zamboanga del Norte', '7120', 'Siocon'),
(2226, 'PH', 'Zamboanga del Norte', '7121', 'Siraway'),
(2227, 'PH', 'Zamboanga del Norte', '7116', 'Tampilisan'),
(2228, 'PH', 'Zamboanga del Sur', '7020', 'Aurora'),
(2229, 'PH', 'Zamboanga del Sur', '7011', 'Bayog'),
(2230, 'PH', 'Zamboanga del Sur', '7032', 'Dimataling'),
(2231, 'PH', 'Zamboanga del Sur', '7030', 'Dinas'),
(2232, 'PH', 'Zamboanga del Sur', '7015', 'Dumalinao'),
(2233, 'PH', 'Zamboanga del Sur', '7028', 'Dumingag'),
(2234, 'PH', 'Zamboanga del Sur', '7042', 'Guipos'),
(2235, 'PH', 'Zamboanga del Sur', '7027', 'Josefina'),
(2236, 'PH', 'Zamboanga del Sur', '7005', 'Kumalarang'),
(2237, 'PH', 'Zamboanga del Sur', '7017', 'Labangan'),
(2238, 'PH', 'Zamboanga del Sur', '7014', 'Lakewood'),
(2239, 'PH', 'Zamboanga del Sur', '7037', 'Lapuyan'),
(2240, 'PH', 'Zamboanga del Sur', '7026', 'Mahayag'),
(2241, 'PH', 'Zamboanga del Sur', '7035', 'Margosatubig'),
(2242, 'PH', 'Zamboanga del Sur', '7021', 'Midsalip'),
(2243, 'PH', 'Zamboanga del Sur', '7023', 'Molave'),
(2244, 'PH', 'Zamboanga del Sur', '7016', 'Pagadian City'),
(2245, 'PH', 'Zamboanga del Sur', '7033', 'Pitogo'),
(2246, 'PH', 'Zamboanga del Sur', '7024', 'Ramon Magsaysay (Liargo)'),
(2247, 'PH', 'Zamboanga del Sur', '7029', 'San Miguel'),
(2248, 'PH', 'Zamboanga del Sur', '7031', 'San Pablo'),
(2249, 'PH', 'Zamboanga del Sur', '7022', 'Sominot (Don Mariano Marcos)'),
(2250, 'PH', 'Zamboanga del Sur', '7034', 'Tabina'),
(2251, 'PH', 'Zamboanga del Sur', '7025', 'Tambulig'),
(2252, 'PH', 'Zamboanga del Sur', '7000', 'Zamboanga City'),
(2253, 'PH', 'Zamboanga del Sur', '7043', 'Tigbao'),
(2254, 'PH', 'Zamboanga del Sur', '7019', 'Tukuran'),
(2255, 'PH', 'Zamboanga del Sur', '7036', 'Vincenzo A. Sagun'),
(2256, 'PH', 'Zamboanga Sibugay', '7040', 'Alicia'),
(2257, 'PH', 'Zamboanga Sibugay', '7009', 'Buug'),
(2258, 'PH', 'Zamboanga Sibugay', '7039', 'Diplahan'),
(2259, 'PH', 'Zamboanga Sibugay', '7007', 'Imelda'),
(2260, 'PH', 'Zamboanga Sibugay', '7001', 'Ipil'),
(2261, 'PH', 'Zamboanga Sibugay', '7005', 'Kabasalan'),
(2262, 'PH', 'Zamboanga Sibugay', '7010', 'Mabuhay'),
(2263, 'PH', 'Zamboanga Sibugay', '7038', 'Malangas'),
(2264, 'PH', 'Zamboanga Sibugay', '7004', 'Naga'),
(2265, 'PH', 'Zamboanga Sibugay', '7041', 'Olutanga'),
(2266, 'PH', 'Zamboanga Sibugay', '7008', 'Payao'),
(2267, 'PH', 'Zamboanga Sibugay', '7002', 'Roseller T. Lim'),
(2268, 'PH', 'Zamboanga Sibugay', '7006', 'Siay'),
(2269, 'PH', 'Zamboanga Sibugay', '7012', 'Talusan'),
(2270, 'PH', 'Zamboanga Sibugay', '7003', 'Titay');

-- --------------------------------------------------------

--
-- Structure for view `orders_vw`
--
DROP TABLE IF EXISTS `orders_vw`;

CREATE ALGORITHM=UNDEFINED DEFINER=`root`@`localhost` SQL SECURITY DEFINER VIEW `orders_vw` AS select `o`.`id` AS `id`,`u`.`id` AS `user_id`,`o`.`po_number` AS `po_number`,`o`.`order_date` AS `order_date`,`o`.`pickup_date` AS `pickup_date`,concat(concat(concat(concat(`c`.`first_name`,' '),`c`.`middle_name`),' '),`c`.`last_name`) AS `customer`,sum((`od`.`quantity` * `od`.`unit_price`)) AS `total_amount`,(select `os`.`name` from (`order_order_status` `oos` join `order_status` `os` on((`oos`.`status_id` = `os`.`id`))) where (`oos`.`order_id` = `o`.`id`) order by `oos`.`created_at` desc limit 1) AS `status` from (((`orders` `o` join `customers` `c` on((`o`.`customer_id` = `c`.`id`))) join `order_details` `od` on((`o`.`id` = `od`.`order_id`))) join `users` `u` on((`c`.`id` = `u`.`customer_id`))) group by `o`.`po_number`;

-- --------------------------------------------------------

--
-- Structure for view `order_details_vw`
--
DROP TABLE IF EXISTS `order_details_vw`;

CREATE ALGORITHM=UNDEFINED DEFINER=`root`@`localhost` SQL SECURITY DEFINER VIEW `order_details_vw` AS select `od`.`order_id` AS `order_id`,`p`.`name` AS `product`,`pc`.`name` AS `category`,`p`.`uom` AS `uom`,`od`.`unit_price` AS `unit_price`,`od`.`quantity` AS `quantity`,(`od`.`quantity` * `od`.`unit_price`) AS `price` from ((`products` `p` join `product_category` `pc` on((`p`.`category_id` = `pc`.`id`))) join `order_details` `od` on((`od`.`product_id` = `p`.`id`)));

--
-- Indexes for dumped tables
--

--
-- Indexes for table `companies`
--
ALTER TABLE `companies`
  ADD PRIMARY KEY (`id`);

--
-- Indexes for table `customers`
--
ALTER TABLE `customers`
  ADD PRIMARY KEY (`id`);

--
-- Indexes for table `customer_credits`
--
ALTER TABLE `customer_credits`
  ADD PRIMARY KEY (`id`);

--
-- Indexes for table `orders`
--
ALTER TABLE `orders`
  ADD PRIMARY KEY (`id`);

--
-- Indexes for table `order_details`
--
ALTER TABLE `order_details`
  ADD PRIMARY KEY (`order_id`,`product_id`);

--
-- Indexes for table `order_order_status`
--
ALTER TABLE `order_order_status`
  ADD PRIMARY KEY (`order_id`,`status_id`);

--
-- Indexes for table `order_status`
--
ALTER TABLE `order_status`
  ADD PRIMARY KEY (`id`);

--
-- Indexes for table `password_resets`
--
ALTER TABLE `password_resets`
  ADD KEY `password_resets_email_index` (`email`),
  ADD KEY `password_resets_token_index` (`token`);

--
-- Indexes for table `products`
--
ALTER TABLE `products`
  ADD PRIMARY KEY (`id`);

--
-- Indexes for table `product_category`
--
ALTER TABLE `product_category`
  ADD PRIMARY KEY (`id`);

--
-- Indexes for table `roles`
--
ALTER TABLE `roles`
  ADD PRIMARY KEY (`id`);

--
-- Indexes for table `settings`
--
ALTER TABLE `settings`
  ADD PRIMARY KEY (`id`);

--
-- Indexes for table `users`
--
ALTER TABLE `users`
  ADD PRIMARY KEY (`id`),
  ADD UNIQUE KEY `users_email_unique` (`email`);

--
-- Indexes for table `zipcodes`
--
ALTER TABLE `zipcodes`
  ADD PRIMARY KEY (`id`),
  ADD KEY `major_area` (`major_area`),
  ADD KEY `zip_code` (`zip_code`),
  ADD KEY `city` (`city`);

--
-- AUTO_INCREMENT for dumped tables
--

--
-- AUTO_INCREMENT for table `companies`
--
ALTER TABLE `companies`
  MODIFY `id` int(10) unsigned NOT NULL AUTO_INCREMENT,AUTO_INCREMENT=3;
--
-- AUTO_INCREMENT for table `customers`
--
ALTER TABLE `customers`
  MODIFY `id` int(10) unsigned NOT NULL AUTO_INCREMENT,AUTO_INCREMENT=10;
--
-- AUTO_INCREMENT for table `customer_credits`
--
ALTER TABLE `customer_credits`
  MODIFY `id` int(10) unsigned NOT NULL AUTO_INCREMENT,AUTO_INCREMENT=5;
--
-- AUTO_INCREMENT for table `orders`
--
ALTER TABLE `orders`
  MODIFY `id` int(10) unsigned NOT NULL AUTO_INCREMENT,AUTO_INCREMENT=14;
--
-- AUTO_INCREMENT for table `order_status`
--
ALTER TABLE `order_status`
  MODIFY `id` int(10) unsigned NOT NULL AUTO_INCREMENT,AUTO_INCREMENT=5;
--
-- AUTO_INCREMENT for table `products`
--
ALTER TABLE `products`
  MODIFY `id` int(10) unsigned NOT NULL AUTO_INCREMENT,AUTO_INCREMENT=14;
--
-- AUTO_INCREMENT for table `product_category`
--
ALTER TABLE `product_category`
  MODIFY `id` int(10) unsigned NOT NULL AUTO_INCREMENT,AUTO_INCREMENT=4;
--
-- AUTO_INCREMENT for table `roles`
--
ALTER TABLE `roles`
  MODIFY `id` int(10) unsigned NOT NULL AUTO_INCREMENT,AUTO_INCREMENT=4;
--
-- AUTO_INCREMENT for table `users`
--
ALTER TABLE `users`
  MODIFY `id` int(10) unsigned NOT NULL AUTO_INCREMENT,AUTO_INCREMENT=10;
--
-- AUTO_INCREMENT for table `zipcodes`
--
ALTER TABLE `zipcodes`
  MODIFY `id` int(11) NOT NULL AUTO_INCREMENT,AUTO_INCREMENT=2271;
/*!40101 SET CHARACTER_SET_CLIENT=@OLD_CHARACTER_SET_CLIENT */;
/*!40101 SET CHARACTER_SET_RESULTS=@OLD_CHARACTER_SET_RESULTS */;
/*!40101 SET COLLATION_CONNECTION=@OLD_COLLATION_CONNECTION */;
